SET search_path TO movie_db;

-- =========================
-- 1. MASTER / LOOKUP TABLES
-- =========================

-- Roles
INSERT INTO ROLE (role_id, role_name) VALUES
(1, 'Actor'),
(2, 'Actress'),
(3, 'Director'),
(4, 'Producer'),
(5, 'Composer'),
(6, 'Lyricist'),
(7, 'Singer'),
(8, 'Cinematographer'),
(9, 'Editor'),
(10, 'Choreographer'),
(11, 'Stunt Coordinator'),
(12, 'Art Director'),
(13, 'Costume Designer'),
(14, 'Supporting Actor'),
(15, 'Supporting Actress');

-- Genres
-- Guide Categories
INSERT INTO GUIDE_CATEGORY (guide_category_id, guide_category_name) VALUES
(1, 'Violence'),
(2, 'Sexual Content'),
(3, 'Language'),
(4, 'Drug Use'),
(5, 'Smoking'),
(6, 'Alcohol'),
(7, 'Frightening Scenes'),
(8, 'Nudity');

-- Award Categories
INSERT INTO AWARD_CATEGORY (category_id, category_name) VALUES
(1, 'Best Film'),
(2, 'Best Director'),
(3, 'Best Actor Male'),
(4, 'Best Actor Female'),
(5, 'Best Supporting Actor'),
(6, 'Best Supporting Actress'),
(7, 'Best Music Album'),
(8, 'Best Playback Singer Male'),
(9, 'Best Playback Singer Female'),
(10, 'Best Screenplay'),
(11, 'Best Cinematography'),
(12, 'Best Debut Male'),
(13, 'Best Debut Female'),
(14, 'Best Action'),
(15, 'Best Song');

-- Production Houses
INSERT INTO PRODUCTION_HOUSE (production_id, name, founder, established_year, headquarter_city) VALUES
(1, 'Dharma Productions', 'Yash Johar', 1976, 'Mumbai'),
(2, 'Yash Raj Films', 'Yash Chopra', 1970, 'Mumbai'),
(3, 'Excel Entertainment', 'Ritesh Sidhwani', 1999, 'Mumbai'),
(4, 'Red Chillies Entertainment', 'Shah Rukh Khan', 2002, 'Mumbai'),
(5, 'T-Series Films', 'Gulshan Kumar', 1983, 'Noida'),
(6, 'Reliance Entertainment', 'Anil Ambani', 2004, 'Mumbai'),
(7, 'Eros International', 'Arjan Lulla', 1977, 'Mumbai'),
(8, 'Balaji Motion Pictures', 'Ekta Kapoor', 2000, 'Mumbai'),
(9, 'Nadiadwala Grandson', 'Sajid Nadiadwala', 1993, 'Mumbai'),
(10, 'Vinod Chopra Films', 'Vidhu Vinod Chopra', 1986, 'Mumbai'),
(11, 'Maddock Films', 'Dinesh Vijan', 2001, 'Mumbai'),
(12, 'Phantom Films', 'Anurag Kashyap', 2011, 'Mumbai'),
(13, 'UTV Motion Pictures', 'Ronnie Screwvala', 1990, 'Mumbai'),
(14, 'Zee Studios', 'Subhash Chandra', 2008, 'Mumbai'),
(15, 'Pooja Entertainment', 'Vashu Bhagnani', 1989, 'Mumbai');

-- Music Labels
INSERT INTO MUSIC_LABEL (label_id, label_name, parent_company) VALUES
(1, 'T-Series', 'Super Cassettes Industries'),
(2, 'Sony Music India', 'Sony Music Entertainment'),
(3, 'Saregama India', 'RP-Sanjiv Goenka Group'),
(4, 'Zee Music Company', 'Zee Entertainment'),
(5, 'YRF Music', 'Yash Raj Films'),
(6, 'Tips Music', 'Tips Films'),
(7, 'Eros Music', 'Eros International'),
(8, 'Speed Records', 'Speed Records Pvt Ltd');

-- Censor Boards
INSERT INTO CENSOR_BOARD (censor_id, country, authority_name) VALUES
(1, 'India', 'Central Board of Film Certification'),
(2, 'India', 'CBFC Mumbai Regional Office'),
(3, 'India', 'CBFC Chennai Regional Office'),
(4, 'India', 'CBFC Delhi Regional Office'),
(5, 'UK', 'British Board of Film Classification');

-- Awards
INSERT INTO AWARD (award_id, award_name, awarding_body, prestige_tier) VALUES
(1, 'Filmfare Awards', 'The Times Group', 4),
(2, 'National Film Awards', 'Directorate of Film Festivals', 5),
(3, 'IIFA Awards', 'Wizcraft International', 4),
(4, 'Screen Awards', 'Indian Express Group', 3),
(5, 'Zee Cine Awards', 'Zee Entertainment', 3),
(6, 'Stardust Awards', 'Magna Publishing', 2),
(7, 'Star Guild Awards', 'Star India', 3),
(8, 'Apsara Film Awards', 'Film Producers Guild', 3);

-- Franchises
INSERT INTO FRANCHISE (franchise_id, franchise_name, total_installments) VALUES
(1, 'Dhoom', 3),
(2, 'Krrish', 3),
(3, 'Student of the Year', 2),
(4, 'Baaghi', 3),
(5, 'Tiger', 3),
(6, 'War', 2),
(7, 'Golmaal', 4),
(8, 'Housefull', 4),
(9, 'Drishyam', 2),
(10, 'Pathaan Universe', 2);

-- Distributors
INSERT INTO DISTRIBUTOR (distributor_id, company_name, distribution_type) VALUES
(1, 'PVR Pictures', 'Theatrical'),
(2, 'Reliance Big Pictures', 'Theatrical'),
(3, 'AA Films', 'Theatrical'),
(4, 'UFO Moviez', 'Digital'),
(5, 'Shree Ashtavinayak Cinevision', 'Theatrical'),
(6, 'Viacom18 Motion Pictures', 'Theatrical'),
(7, 'Disney Star India', 'Satellite'),
(8, 'Central Pictures', 'Theatrical'),
(9, 'Goldmines Telefilms', 'Satellite'),
(10, 'Ultra Media Entertainment', 'Home Video'),
(11, 'Sri Venkateshwara Creations', 'Theatrical'),
(12, 'Pen Marudhar Entertainment', 'Theatrical');

-- Theatres
INSERT INTO THEATRE (theatre_id, name, city, state, seating_capacity, screen_count, has_imax) VALUES
(1, 'PVR Cinemas Phoenix Mall', 'Mumbai', 'Maharashtra', 1200, 8, TRUE),
(2, 'INOX Multiplex Ahmedabad', 'Ahmedabad', 'Gujarat', 800, 5, FALSE),
(3, 'Cinepolis Fun Republic Delhi', 'Delhi', 'Delhi', 1000, 7, TRUE),
(4, 'PVR Orion Mall Bengaluru', 'Bengaluru', 'Karnataka', 950, 6, TRUE),
(5, 'INOX G-Square Pune', 'Pune', 'Maharashtra', 750, 5, FALSE),
(6, 'Carnival Cinemas Hyderabad', 'Hyderabad', 'Telangana', 900, 6, FALSE),
(7, 'PVR ECX Chennai', 'Chennai', 'Tamil Nadu', 850, 5, TRUE),
(8, 'Cinepolis Kolkata', 'Kolkata', 'West Bengal', 700, 4, FALSE),
(9, 'INOX Jaipur', 'Jaipur', 'Rajasthan', 650, 4, FALSE),
(10, 'PVR Amritsar', 'Amritsar', 'Punjab', 600, 4, FALSE),
(11, 'Miraj Cinemas Lucknow', 'Lucknow', 'Uttar Pradesh', 720, 5, FALSE),
(12, 'PVR Cosmos Mall Surat', 'Surat', 'Gujarat', 680, 4, FALSE),
(13, 'INOX Bhopal', 'Bhopal', 'Madhya Pradesh', 620, 4, FALSE),
(14, 'Fun Cinemas Indore', 'Indore', 'Madhya Pradesh', 580, 3, FALSE),
(15, 'PVR Seawoods Navi Mumbai', 'Navi Mumbai', 'Maharashtra', 920, 6, TRUE),
(16, 'Cinepolis Vadodara', 'Vadodara', 'Gujarat', 640, 4, FALSE),
(17, 'INOX Chandigarh', 'Chandigarh', 'Chandigarh', 700, 5, FALSE),
(18, 'PVR Logix Noida', 'Noida', 'Uttar Pradesh', 880, 6, TRUE),
(19, 'Miraj Cinemas Patna', 'Patna', 'Bihar', 540, 3, FALSE),
(20, 'PVR VR Mall Chennai', 'Chennai', 'Tamil Nadu', 760, 5, FALSE),
(21, 'Cinepolis Nagpur', 'Nagpur', 'Maharashtra', 610, 4, FALSE),
(22, 'INOX Kochi', 'Kochi', 'Kerala', 670, 4, FALSE),
(23, 'PVR Vizag', 'Visakhapatnam', 'Andhra Pradesh', 580, 3, FALSE),
(24, 'Wave Cinemas Varanasi', 'Varanasi', 'Uttar Pradesh', 520, 3, FALSE),
(25, 'PVR Guwahati', 'Guwahati', 'Assam', 480, 3, FALSE);

-- =========================
-- 2. PERSONS
-- =========================

INSERT INTO PERSON (person_id, full_name, gender, nationality, debut_year, birth_date) VALUES
(1, 'Shah Rukh Khan', 'Male', 'Indian', 1992, '1965-11-02'),
(2, 'Salman Khan', 'Male', 'Indian', 1988, '1965-12-27'),
(3, 'Aamir Khan', 'Male', 'Indian', 1984, '1965-03-14'),
(4, 'Amitabh Bachchan', 'Male', 'Indian', 1969, '1942-10-11'),
(5, 'Hrithik Roshan', 'Male', 'Indian', 2000, '1974-01-10'),
(6, 'Ranbir Kapoor', 'Male', 'Indian', 2007, '1982-09-28'),
(7, 'Ranveer Singh', 'Male', 'Indian', 2010, '1985-07-06'),
(8, 'Varun Dhawan', 'Male', 'Indian', 2012, '1987-04-24'),
(9, 'Akshay Kumar', 'Male', 'Indian', 1987, '1967-09-09'),
(10, 'Vicky Kaushal', 'Male', 'Indian', 2015, '1988-05-16'),
(11, 'Shahid Kapoor', 'Male', 'Indian', 2003, '1981-02-25'),
(12, 'Tiger Shroff', 'Male', 'Indian', 2014, '1990-03-02'),
(13, 'Kartik Aaryan', 'Male', 'Indian', 2011, '1990-11-22'),
(14, 'Sidharth Malhotra', 'Male', 'Indian', 2012, '1985-01-16'),
(15, 'Ayushmann Khurrana', 'Male', 'Indian', 2012, '1984-09-14'),
(16, 'Deepika Padukone', 'Female', 'Indian', 2007, '1986-01-05'),
(17, 'Priyanka Chopra', 'Female', 'Indian', 2002, '1982-07-18'),
(18, 'Katrina Kaif', 'Female', 'Indian', 2003, '1983-07-16'),
(19, 'Alia Bhatt', 'Female', 'Indian', 2012, '1993-03-15'),
(20, 'Kangana Ranaut', 'Female', 'Indian', 2006, '1987-03-23'),
(21, 'Kareena Kapoor Khan', 'Female', 'Indian', 2000, '1980-09-21'),
(22, 'Vidya Balan', 'Female', 'Indian', 2005, '1979-01-01'),
(23, 'Taapsee Pannu', 'Female', 'Indian', 2010, '1987-08-01'),
(24, 'Shraddha Kapoor', 'Female', 'Indian', 2010, '1989-03-03'),
(25, 'Anushka Sharma', 'Female', 'Indian', 2008, '1988-05-01'),
(26, 'Karan Johar', 'Male', 'Indian', 1998, '1972-05-25'),
(27, 'Rohit Shetty', 'Male', 'Indian', 2003, '1973-03-14'),
(28, 'Sanjay Leela Bhansali', 'Male', 'Indian', 1996, '1963-02-24'),
(29, 'Anurag Kashyap', 'Male', 'Indian', 2004, '1972-09-10'),
(30, 'Zoya Akhtar', 'Female', 'Indian', 2009, '1972-10-14'),
(31, 'Imtiaz Ali', 'Male', 'Indian', 2005, '1971-06-16'),
(32, 'Kabir Khan', 'Male', 'Indian', 2006, '1971-03-01'),
(33, 'Rakeysh Omprakash Mehra', 'Male', 'Indian', 2004, '1963-07-26'),
(34, 'Nitesh Tiwari', 'Male', 'Indian', 2014, '1973-01-01'),
(35, 'Aanand L Rai', 'Male', 'Indian', 2010, '1970-06-28'),
(36, 'A.R. Rahman', 'Male', 'Indian', 1992, '1967-01-06'),
(37, 'Pritam Chakraborty', 'Male', 'Indian', 2003, '1971-07-20'),
(38, 'Vishal Dadlani', 'Male', 'Indian', 2004, '1974-05-15'),
(39, 'Shankar Mahadevan', 'Male', 'Indian', 1999, '1968-03-26'),
(40, 'Amit Trivedi', 'Male', 'Indian', 2008, '1979-06-28'),
(41, 'Arijit Singh', 'Male', 'Indian', 2005, '1987-04-25'),
(42, 'Sonu Nigam', 'Male', 'Indian', 1990, '1973-07-30'),
(43, 'Shreya Ghoshal', 'Female', 'Indian', 2002, '1984-03-12'),
(44, 'Neha Kakkar', 'Female', 'Indian', 2006, '1988-06-06'),
(45, 'Sunidhi Chauhan', 'Female', 'Indian', 1996, '1983-08-14'),
(46, 'Nawazuddin Siddiqui', 'Male', 'Indian', 1999, '1974-05-19'),
(47, 'Pankaj Tripathi', 'Male', 'Indian', 2004, '1976-09-05'),
(48, 'Rajkummar Rao', 'Male', 'Indian', 2010, '1984-08-31'),
(49, 'Irrfan Khan', 'Male', 'Indian', 1988, '1967-01-07'),
(50, 'Manoj Bajpayee', 'Male', 'Indian', 1994, '1969-04-23'),
(51, 'Radhika Apte', 'Female', 'Indian', 2005, '1985-09-07'),
(52, 'Bhumi Pednekar', 'Female', 'Indian', 2015, '1989-07-18'),
(53, 'Sara Ali Khan', 'Female', 'Indian', 2018, '1995-08-12'),
(54, 'Ananya Panday', 'Female', 'Indian', 2019, '1998-10-30'),
(55, 'Janhvi Kapoor', 'Female', 'Indian', 2018, '1997-03-06'),
(56, 'Nora Fatehi', 'Female', 'Moroccan-Canadian', 2014, '1992-02-06'),
(57, 'Disha Patani', 'Female', 'Indian', 2015, '1992-06-13'),
(58, 'Kriti Sanon', 'Female', 'Indian', 2014, '1990-07-27'),
(59, 'Kiara Advani', 'Female', 'Indian', 2014, '1992-07-31'),
(60, 'Rashmika Mandanna', 'Female', 'Indian', 2016, '1996-04-05'),
(61, 'Gulzar', 'Male', 'Indian', 1963, '1934-08-18'),
(62, 'Javed Akhtar', 'Male', 'Indian', 1969, '1945-01-17'),
(63, 'Irshad Kamil', 'Male', 'Indian', 2004, '1973-01-01'),
(64, 'Prasoon Joshi', 'Male', 'Indian', 2000, '1971-09-16'),
(65, 'Varun Grover', 'Male', 'Indian', 2015, '1980-01-01');

-- =========================
-- 3. CORE TABLE (MOVIES)
-- =========================

INSERT INTO MOVIE (movie_id, title, age_rating, runtime_minutes, release_date, release_status, budget, production_id, franchise_id) VALUES
(1, 'Pathaan', 'UA', 146, '2023-01-25', 'Released', 2500000000, 4, 10),
(2, 'Jawan', 'UA', 169, '2023-09-07', 'Released', 3000000000, 4, NULL),
(3, 'Dunki', 'UA', 161, '2023-12-21', 'Released', 2200000000, 4, NULL),
(4, 'Animal', 'A', 204, '2023-12-01', 'Released', 1500000000, 14, NULL),
(5, 'Salaar Part 1', 'A', 178, '2023-12-22', 'Released', 2000000000, 6, NULL),
(6, 'Tiger 3', 'UA', 159, '2023-11-12', 'Released', 3000000000, 2, 5),
(7, 'Bade Miyan Chote Miyan', 'UA', 158, '2024-04-10', 'Released', 2500000000, 15, NULL),
(8, 'Stree 2', 'UA', 135, '2024-08-15', 'Released', 800000000, 11, NULL),
(9, 'Fighter', 'UA', 166, '2024-01-25', 'Released', 2500000000, 2, NULL),
(10, 'Rocky Aur Rani Kii Prem Kahaani', 'UA', 168, '2023-07-28', 'Released', 1500000000, 1, NULL),
(11, 'Brahmastra Part One Shiva', 'UA', 167, '2022-09-09', 'Released', 4100000000, 1, NULL),
(12, 'The Kashmir Files', 'A', 170, '2022-03-11', 'Released', 250000000, 14, NULL),
(13, 'Gangubai Kathiawadi', 'A', 152, '2022-02-25', 'Released', 1500000000, 11, NULL),
(14, 'Bhool Bhulaiyaa 2', 'UA', 143, '2022-05-20', 'Released', 700000000, 11, NULL),
(15, 'Drishyam 2', 'UA', 152, '2022-11-18', 'Released', 600000000, 13, 9),
(16, 'Vikram Vedha', 'A', 147, '2022-09-30', 'Released', 1500000000, 7, NULL),
(17, 'Laal Singh Chaddha', 'U', 162, '2022-08-11', 'Released', 1800000000, 3, NULL),
(18, 'Shershaah', 'UA', 135, '2021-08-12', 'Released', 500000000, 1, NULL),
(19, 'Bell Bottom', 'UA', 130, '2021-07-27', 'Released', 800000000, 15, NULL),
(20, 'Sooryavanshi', 'UA', 145, '2021-11-05', 'Released', 1500000000, 7, NULL),
(21, '83', 'UA', 150, '2021-12-24', 'Released', 1850000000, 9, NULL),
(22, 'Atrangi Re', 'UA', 140, '2021-12-24', 'Released', 900000000, 13, NULL),
(23, 'Tanhaji The Unsung Warrior', 'UA', 135, '2020-01-10', 'Released', 1500000000, 13, NULL),
(24, 'Baaghi 3', 'A', 145, '2020-03-06', 'Released', 900000000, 9, 4),
(25, 'Chhichhore', 'UA', 143, '2019-09-06', 'Released', 900000000, 11, NULL),
(26, 'War', 'UA', 154, '2019-10-02', 'Released', 3000000000, 2, 6),
(27, 'Kabir Singh', 'A', 173, '2019-06-21', 'Released', 600000000, 7, NULL),
(28, 'Kesari', 'UA', 150, '2019-03-21', 'Released', 900000000, 9, NULL),
(29, 'Uri The Surgical Strike', 'UA', 138, '2019-01-11', 'Released', 500000000, 14, NULL),
(30, 'Gully Boy', 'A', 154, '2019-02-14', 'Released', 900000000, 3, NULL),
(31, 'Mission Mangal', 'U', 130, '2019-08-15', 'Released', 550000000, 9, NULL),
(32, 'Housefull 4', 'UA', 145, '2019-10-25', 'Released', 1200000000, 15, 8),
(33, 'Simmba', 'UA', 132, '2018-12-28', 'Released', 950000000, 7, NULL),
(34, 'Padmaavat', 'UA', 164, '2018-01-25', 'Released', 2100000000, 11, NULL),
(35, 'Raazi', 'UA', 138, '2018-05-11', 'Released', 600000000, 1, NULL),
(36, 'Andhadhun', 'A', 139, '2018-10-05', 'Released', 350000000, 13, NULL),
(37, 'Badhaai Ho', 'UA', 128, '2018-10-19', 'Released', 200000000, 14, NULL),
(38, 'Bajrangi Bhaijaan', 'U', 163, '2015-07-17', 'Released', 900000000, 2, NULL),
(39, 'PK', 'UA', 153, '2014-12-19', 'Released', 850000000, 13, NULL),
(40, 'Dangal', 'U', 161, '2016-12-23', 'Released', 700000000, 13, NULL),
(41, 'Sultan', 'UA', 170, '2016-07-06', 'Released', 1050000000, 2, NULL),
(42, 'Tiger Zinda Hai', 'UA', 160, '2017-12-22', 'Released', 2100000000, 2, 5),
(43, 'Ae Dil Hai Mushkil', 'UA', 158, '2016-10-28', 'Released', 1200000000, 1, NULL),
(44, 'Raees', 'A', 143, '2017-01-25', 'Released', 850000000, 4, NULL),
(45, 'Tubelight', 'U', 136, '2017-06-23', 'Released', 1400000000, 2, NULL),
(46, 'Secret Superstar', 'U', 150, '2017-10-19', 'Released', 500000000, 3, NULL),
(47, 'Golmaal Again', 'UA', 139, '2017-10-20', 'Released', 850000000, 7, 7),
(48, 'Bajirao Mastani', 'UA', 158, '2015-12-18', 'Released', 1800000000, 11, NULL),
(49, 'Dilwale', 'U', 147, '2015-12-18', 'Released', 1800000000, 4, NULL),
(50, 'Dil Dhadakne Do', 'UA', 170, '2015-06-05', 'Released', 1100000000, 3, NULL),
(51, 'Tanu Weds Manu Returns', 'UA', 142, '2015-05-22', 'Released', 250000000, 13, NULL),
(52, 'ABCD 2', 'U', 132, '2015-06-19', 'Released', 600000000, 13, NULL),
(53, 'Baahubali The Beginning', 'UA', 158, '2015-07-10', 'Released', 4500000000, 13, NULL),
(54, 'Student of the Year', 'UA', 146, '2012-10-19', 'Released', 700000000, 1, 3),
(55, 'Ek Tha Tiger', 'UA', 132, '2012-08-15', 'Released', 1000000000, 2, 5),
(56, '3 Idiots', 'U', 170, '2009-12-25', 'Released', 550000000, 10, NULL),
(57, 'Ghajini', 'A', 179, '2008-12-25', 'Released', 600000000, 13, NULL),
(58, 'Rab Ne Bana Di Jodi', 'U', 163, '2008-12-12', 'Released', 700000000, 2, NULL),
(59, 'Taare Zameen Par', 'U', 162, '2007-12-21', 'Released', 250000000, 13, NULL),
(60, 'Om Shanti Om', 'UA', 170, '2007-11-09', 'Released', 600000000, 4, NULL),
(61, 'Chak De India', 'U', 153, '2007-08-10', 'Released', 300000000, 2, NULL),
(62, 'Don', 'UA', 168, '2006-10-20', 'Released', 700000000, 4, NULL),
(63, 'Rang De Basanti', 'UA', 157, '2006-01-26', 'Released', 340000000, 13, NULL),
(64, 'Black', 'UA', 122, '2005-02-04', 'Released', 600000000, 13, NULL),
(65, 'Veer-Zaara', 'U', 192, '2004-11-12', 'Released', 600000000, 2, NULL),
(66, 'Kal Ho Naa Ho', 'U', 186, '2003-11-28', 'Released', 550000000, 1, NULL),
(67, 'Devdas', 'A', 185, '2002-07-12', 'Released', 800000000, 11, NULL),
(68, 'Lagaan', 'U', 224, '2001-06-15', 'Released', 250000000, 3, NULL),
(69, 'Kabhi Khushi Kabhie Gham', 'U', 210, '2001-12-14', 'Released', 700000000, 1, NULL),
(70, 'Dhoom', 'UA', 125, '2004-07-02', 'Released', 600000000, 2, 1),
(71, 'Dhoom 2', 'UA', 144, '2006-11-24', 'Released', 900000000, 2, 1),
(72, 'Dhoom 3', 'UA', 172, '2013-12-20', 'Released', 2500000000, 2, 1),
(73, 'Krrish', 'U', 175, '2006-06-23', 'Released', 500000000, 4, 2),
(74, 'Krrish 3', 'UA', 132, '2013-11-01', 'Released', 1350000000, 4, 2),
(75, 'Baahubali 2 The Conclusion', 'UA', 167, '2017-04-28', 'Released', 2500000000, 13, NULL),
(76, 'M.S. Dhoni The Untold Story', 'UA', 185, '2016-09-30', 'Released', 800000000, 13, NULL),
(77, 'Airlift', 'UA', 130, '2016-01-22', 'Released', 600000000, 9, NULL),
(78, 'Pink', 'A', 136, '2016-09-16', 'Released', 250000000, 13, NULL),
(79, 'Kapoor and Sons', 'UA', 132, '2016-03-18', 'Released', 350000000, 1, NULL),
(80, 'Talvar', 'A', 138, '2015-09-18', 'Released', 200000000, 13, NULL),
(81, 'Talaash', 'UA', 138, '2012-11-30', 'Released', 650000000, 2, NULL),
(82, 'Kahaani', 'UA', 122, '2012-03-09', 'Released', 350000000, 13, NULL),
(83, 'Barfi', 'U', 151, '2012-09-14', 'Released', 700000000, 13, NULL),
(84, 'Gangs of Wasseypur', 'A', 321, '2012-06-22', 'Released', 450000000, 12, NULL),
(85, 'Agneepath', 'A', 174, '2012-01-26', 'Released', 1000000000, 1, NULL),
(86, 'Jab Tak Hai Jaan', 'UA', 178, '2012-11-13', 'Released', 1000000000, 2, NULL),
(87, 'Kaminey', 'A', 135, '2009-08-14', 'Released', 300000000, 13, NULL),
(88, 'Dev.D', 'A', 144, '2009-02-06', 'Released', 170000000, 13, NULL),
(89, 'Delhi-6', 'U', 141, '2009-02-20', 'Released', 700000000, 13, NULL),
(90, 'Dostana', 'UA', 132, '2008-11-14', 'Released', 600000000, 1, NULL),
(91, 'Jodhaa Akbar', 'U', 213, '2008-02-15', 'Released', 1200000000, 2, NULL),
(92, 'Race', 'UA', 159, '2008-02-22', 'Released', 650000000, 2, NULL),
(93, 'Guru', 'UA', 167, '2007-01-12', 'Released', 500000000, 13, NULL),
(94, 'Housefull 3', 'UA', 133, '2016-06-03', 'Released', 850000000, 15, 8),
(95, 'Drishyam', 'UA', 163, '2015-07-31', 'Released', 350000000, 13, 9),
(96, 'Munnabhai MBBS', 'U', 156, '2003-09-19', 'Released', 200000000, 10, NULL),
(97, 'Jolly LLB 2', 'UA', 132, '2017-02-10', 'Released', 500000000, 13, NULL),
(98, 'Rustom', 'UA', 136, '2016-08-12', 'Released', 500000000, 9, NULL),
(99, 'Super 30', 'U', 153, '2019-07-12', 'Released', 650000000, 13, NULL),
(100, 'Toilet Ek Prem Katha', 'U', 156, '2017-08-11', 'Released', 450000000, 9, NULL),
(101, 'Badrinath Ki Dulhania', 'UA', 139, '2017-03-10', 'Released', 400000000, 1, NULL),
(102, 'Judwaa 2', 'UA', 139, '2017-09-29', 'Released', 500000000, 2, NULL),
(103, 'Half Girlfriend', 'UA', 140, '2017-05-19', 'Released', 700000000, 8, NULL),
(104, 'Mubarakan', 'UA', 138, '2017-07-28', 'Released', 450000000, 5, NULL),
(105, 'Newton', 'UA', 106, '2017-09-22', 'Released', 120000000, 13, NULL),
(106, 'Shubh Mangal Saavdhan', 'UA', 113, '2017-09-01', 'Released', 180000000, 13, NULL),
(107, 'Toilet Ek Prem Katha 2', 'U', 148, '2024-03-15', 'In Development', 600000000, 9, NULL),
(108, 'Singham Returns 2', 'UA', 155, '2024-08-15', 'In Development', 2500000000, 7, NULL),
(109, 'Pushpa 2 The Rule', 'A', 190, '2024-12-05', 'Released', 5000000000, 6, NULL),
(110, 'Welcome To The Jungle', 'UA', 148, '2024-12-20', 'Released', 1500000000, 9, NULL);

-- =========================
-- 4. RELATION / BRIDGE TABLES
-- =========================

-- Movie Genres
INSERT INTO GENRE (genre_name, is_primary, weight, movie_id) VALUES
('Action', TRUE, 70, 1),
('Thriller', FALSE, 30, 1),
('Action', TRUE, 53, 2),
('Drama', FALSE, 47, 2),
('Romance', TRUE, 50, 3),
('Drama', FALSE, 50, 3),
('Action', TRUE, 58, 4),
('Crime', FALSE, 42, 4),
('Action', TRUE, 57, 5),
('Thriller', FALSE, 43, 5),
('Action', TRUE, 57, 6),
('Romance', FALSE, 43, 6),
('Action', TRUE, 54, 7),
('Comedy', FALSE, 46, 7),
('Horror', TRUE, 53, 8),
('Comedy', FALSE, 47, 8),
('Science Fiction', TRUE, 67, 9),
('Action', FALSE, 33, 9),
('Action', TRUE, 52, 10),
('Sports', FALSE, 48, 10),
('Fantasy', TRUE, 68, 11),
('Action', FALSE, 32, 11),
('Social Drama', TRUE, 63, 12),
('Drama', FALSE, 37, 12),
('Action', TRUE, 51, 13),
('Historical', FALSE, 49, 13),
('Social Drama', TRUE, 50, 14),
('Biography', FALSE, 50, 14),
('Thriller', TRUE, 52, 15),
('Drama', FALSE, 48, 15),
('Horror', TRUE, 56, 16),
('Comedy', FALSE, 44, 16),
('Romance', TRUE, 57, 17),
('Drama', FALSE, 43, 17),
('Action', TRUE, 66, 18),
('Biography', FALSE, 34, 18),
('Fantasy', TRUE, 69, 19),
('Action', FALSE, 31, 19),
('Romance', TRUE, 50, 20),
('Drama', FALSE, 50, 20),
('Sports', TRUE, 67, 21),
('Biography', FALSE, 33, 21),
('Romance', TRUE, 56, 22),
('Drama', FALSE, 44, 22),
('Historical', TRUE, 70, 23),
('Action', FALSE, 30, 23),
('Action', TRUE, 67, 24),
('Comedy', FALSE, 33, 24),
('Comedy', TRUE, 63, 25),
('Drama', FALSE, 37, 25),
('Action', TRUE, 57, 26),
('Thriller', FALSE, 43, 26),
('Romance', TRUE, 64, 27),
('Drama', FALSE, 36, 27),
('Historical', TRUE, 68, 28),
('Action', FALSE, 32, 28),
('Action', TRUE, 58, 29),
('Thriller', FALSE, 42, 29),
('Drama', TRUE, 50, 30),
('Musical', FALSE, 50, 30),
('Biography', TRUE, 55, 31),
('Drama', FALSE, 45, 31),
('Comedy', TRUE, 100, 32),
('Action', TRUE, 63, 33),
('Comedy', FALSE, 37, 33),
('Historical', TRUE, 60, 34),
('Romance', FALSE, 40, 34),
('Thriller', TRUE, 58, 35),
('Drama', FALSE, 42, 35),
('Thriller', TRUE, 54, 36),
('Crime', FALSE, 46, 36),
('Comedy', TRUE, 56, 37),
('Drama', FALSE, 44, 37),
('Romance', TRUE, 60, 38),
('Family', FALSE, 40, 38),
('Biography', TRUE, 53, 39),
('Thriller', FALSE, 47, 39),
('Romance', TRUE, 52, 40),
('Drama', FALSE, 48, 40),
('Action', TRUE, 62, 41),
('Sports', FALSE, 38, 41),
('Action', TRUE, 53, 42),
('Romance', FALSE, 47, 42),
('Romance', TRUE, 61, 43),
('Drama', FALSE, 39, 43),
('Thriller', TRUE, 61, 44),
('Crime', FALSE, 39, 44),
('Comedy', TRUE, 69, 45),
('Romance', FALSE, 31, 45),
('Comedy', TRUE, 58, 46),
('Romance', FALSE, 42, 46),
('Comedy', TRUE, 100, 47),
('Historical', TRUE, 51, 48),
('Romance', FALSE, 49, 48),
('Romance', TRUE, 64, 49),
('Drama', FALSE, 36, 49),
('Romance', TRUE, 67, 50),
('Drama', FALSE, 33, 50),
('Comedy', TRUE, 53, 51),
('Romance', FALSE, 47, 51),
('Musical', TRUE, 62, 52),
('Comedy', FALSE, 38, 52),
('Action', TRUE, 52, 53),
('Historical', FALSE, 48, 53),
('Romance', TRUE, 67, 54),
('Comedy', FALSE, 33, 54),
('Action', TRUE, 59, 55),
('Romance', FALSE, 41, 55),
('Comedy', TRUE, 70, 56),
('Drama', FALSE, 30, 56),
('Thriller', TRUE, 69, 57),
('Action', FALSE, 31, 57),
('Romance', TRUE, 100, 58),
('Drama', TRUE, 61, 59),
('Family', FALSE, 39, 59),
('Romance', TRUE, 68, 60),
('Musical', FALSE, 32, 60),
('Sports', TRUE, 56, 61),
('Drama', FALSE, 44, 61),
('Thriller', TRUE, 52, 62),
('Action', FALSE, 48, 62),
('Social Drama', TRUE, 51, 63),
('Action', FALSE, 49, 63),
('Drama', TRUE, 100, 64),
('Romance', TRUE, 57, 65),
('Drama', FALSE, 43, 65),
('Romance', TRUE, 59, 66),
('Drama', FALSE, 41, 66),
('Romance', TRUE, 52, 67),
('Drama', FALSE, 48, 67),
('Historical', TRUE, 57, 68),
('Drama', FALSE, 43, 68),
('Romance', TRUE, 53, 69),
('Drama', FALSE, 47, 69),
('Action', TRUE, 62, 70),
('Thriller', FALSE, 38, 70),
('Action', TRUE, 58, 71),
('Thriller', FALSE, 42, 71),
('Action', TRUE, 64, 72),
('Thriller', FALSE, 36, 72),
('Action', TRUE, 70, 73),
('Fantasy', FALSE, 30, 73),
('Action', TRUE, 61, 74),
('Science Fiction', FALSE, 39, 74),
('Action', TRUE, 55, 75),
('Historical', FALSE, 45, 75),
('Biography', TRUE, 61, 76),
('Sports', FALSE, 39, 76),
('Thriller', TRUE, 61, 77),
('Drama', FALSE, 39, 77),
('Social Drama', TRUE, 56, 78),
('Thriller', FALSE, 44, 78),
('Drama', TRUE, 58, 79),
('Romance', FALSE, 42, 79),
('Thriller', TRUE, 70, 80),
('Drama', FALSE, 30, 80),
('Thriller', TRUE, 52, 81),
('Drama', FALSE, 48, 81),
('Thriller', TRUE, 69, 82),
('Drama', FALSE, 31, 82),
('Drama', TRUE, 70, 83),
('Comedy', FALSE, 30, 83),
('Crime', TRUE, 55, 84),
('Drama', FALSE, 45, 84),
('Action', TRUE, 67, 85),
('Crime', FALSE, 33, 85),
('Romance', TRUE, 57, 86),
('Drama', FALSE, 43, 86),
('Action', TRUE, 55, 87),
('Crime', FALSE, 45, 87),
('Drama', TRUE, 64, 88),
('Thriller', FALSE, 36, 88),
('Drama', TRUE, 62, 89),
('Social Drama', FALSE, 38, 89),
('Romance', TRUE, 58, 90),
('Comedy', FALSE, 42, 90),
('Historical', TRUE, 70, 91),
('Romance', FALSE, 30, 91),
('Thriller', TRUE, 67, 92),
('Action', FALSE, 33, 92),
('Biography', TRUE, 57, 93),
('Drama', FALSE, 43, 93),
('Comedy', TRUE, 100, 94),
('Thriller', TRUE, 60, 95),
('Drama', FALSE, 40, 95),
('Comedy', TRUE, 51, 96),
('Drama', FALSE, 49, 96),
('Comedy', TRUE, 57, 97),
('Thriller', FALSE, 43, 97),
('Thriller', TRUE, 51, 98),
('Drama', FALSE, 49, 98),
('Biography', TRUE, 60, 99),
('Drama', FALSE, 40, 99),
('Drama', TRUE, 62, 100),
('Comedy', FALSE, 38, 100),
('Romance', TRUE, 58, 101),
('Comedy', FALSE, 42, 101),
('Comedy', TRUE, 52, 102),
('Romance', FALSE, 48, 102),
('Romance', TRUE, 56, 103),
('Comedy', FALSE, 44, 103),
('Comedy', TRUE, 68, 104),
('Romance', FALSE, 32, 104),
('Social Drama', TRUE, 60, 105),
('Drama', FALSE, 40, 105),
('Comedy', TRUE, 56, 106),
('Drama', FALSE, 44, 106),
('Romance', TRUE, 70, 107),
('Drama', FALSE, 30, 107),
('Action', TRUE, 65, 108),
('Comedy', FALSE, 35, 108),
('Action', TRUE, 62, 109),
('Thriller', FALSE, 38, 109),
('Comedy', TRUE, 100, 110);
-- Movie Parental Guide
INSERT INTO MOVIE_PARENTAL_GUIDE (movie_id, guide_category_id, level) VALUES
(1, 3, 'None'),
(1, 8, 'None'),
(1, 2, 'Moderate'),
(1, 6, 'None'),
(1, 7, 'Moderate'),
(2, 4, 'Mild'),
(2, 2, 'Mild'),
(2, 5, 'Mild'),
(2, 8, 'Mild'),
(3, 7, 'Moderate'),
(3, 5, 'Moderate'),
(3, 1, 'None'),
(4, 5, 'Severe'),
(4, 8, 'Severe'),
(4, 1, 'Severe'),
(4, 6, 'Severe'),
(4, 3, 'Severe'),
(5, 2, 'Severe'),
(5, 3, 'Severe'),
(5, 4, 'Severe'),
(5, 8, 'Severe'),
(6, 1, 'None'),
(6, 6, 'Mild'),
(6, 7, 'None'),
(6, 3, 'Moderate'),
(6, 2, 'None'),
(7, 3, 'None'),
(7, 8, 'None'),
(7, 2, 'Mild'),
(8, 8, 'Moderate'),
(8, 1, 'Mild'),
(8, 7, 'Mild'),
(8, 3, 'Mild'),
(9, 2, 'Moderate'),
(9, 6, 'Mild'),
(10, 3, 'None'),
(10, 6, 'Mild'),
(10, 4, 'Moderate'),
(11, 4, 'Moderate'),
(11, 5, 'None'),
(11, 6, 'None'),
(11, 2, 'Moderate'),
(11, 3, 'Moderate'),
(12, 2, 'Severe'),
(12, 8, 'Severe'),
(12, 7, 'Severe'),
(12, 1, 'Severe'),
(12, 3, 'Severe'),
(13, 4, 'Severe'),
(13, 5, 'Severe'),
(14, 1, 'None'),
(14, 8, 'Mild'),
(14, 6, 'Mild'),
(15, 1, 'Moderate'),
(15, 7, 'Mild'),
(16, 5, 'Severe'),
(16, 6, 'Severe'),
(16, 4, 'Severe'),
(17, 3, 'None'),
(17, 6, 'Moderate'),
(17, 5, 'Mild'),
(18, 7, 'Moderate'),
(18, 2, 'Moderate'),
(18, 1, 'Moderate'),
(18, 6, 'Moderate'),
(18, 4, 'None'),
(19, 2, 'Moderate'),
(19, 1, 'None'),
(20, 2, 'None'),
(20, 8, 'Moderate'),
(20, 7, 'Mild'),
(20, 6, 'Moderate'),
(21, 5, 'Mild'),
(21, 4, 'Moderate'),
(21, 2, 'None'),
(22, 1, 'None'),
(22, 6, 'Mild'),
(23, 4, 'Moderate'),
(23, 2, 'Moderate'),
(24, 4, 'Severe'),
(24, 7, 'Severe'),
(24, 8, 'Severe'),
(24, 1, 'Severe'),
(24, 2, 'Severe'),
(25, 1, 'Moderate'),
(25, 4, 'None'),
(25, 3, 'None'),
(25, 7, 'None'),
(25, 6, 'None'),
(26, 3, 'None'),
(26, 2, 'None'),
(26, 8, 'None'),
(26, 7, 'Mild'),
(26, 1, 'None'),
(27, 1, 'Severe'),
(27, 8, 'Severe'),
(27, 5, 'Severe'),
(27, 4, 'Severe'),
(28, 1, 'Mild'),
(28, 5, 'Mild'),
(28, 8, 'None'),
(29, 4, 'Mild'),
(29, 8, 'None'),
(30, 1, 'Severe'),
(30, 5, 'Severe'),
(30, 8, 'Severe'),
(31, 6, 'Moderate'),
(31, 3, 'Moderate'),
(31, 2, 'Mild'),
(31, 7, 'None'),
(31, 8, 'None'),
(32, 8, 'Moderate'),
(32, 3, 'None'),
(32, 1, 'None'),
(32, 6, 'Mild'),
(33, 4, 'Moderate'),
(33, 5, 'Mild'),
(34, 2, 'Mild'),
(34, 8, 'Moderate'),
(34, 3, 'None'),
(34, 6, 'None'),
(35, 1, 'None'),
(35, 6, 'Mild'),
(35, 5, 'Mild'),
(35, 3, 'Moderate'),
(36, 2, 'Severe'),
(36, 6, 'Severe'),
(37, 5, 'Mild'),
(37, 3, 'None'),
(37, 8, 'Moderate'),
(38, 5, 'Moderate'),
(38, 8, 'Mild'),
(38, 4, 'Mild'),
(39, 5, 'None'),
(39, 1, 'Moderate'),
(39, 7, 'Mild'),
(39, 3, 'None'),
(39, 2, 'Moderate'),
(40, 1, 'Moderate'),
(40, 8, 'None'),
(40, 7, 'None'),
(40, 2, 'Mild'),
(40, 6, 'Moderate'),
(41, 1, 'Mild'),
(41, 3, 'Moderate'),
(41, 7, 'Mild'),
(42, 2, 'Moderate'),
(42, 3, 'None'),
(42, 5, 'None'),
(43, 4, 'Mild'),
(43, 7, 'Moderate'),
(43, 2, 'Mild'),
(44, 6, 'Severe'),
(44, 7, 'Severe'),
(44, 4, 'Severe'),
(45, 5, 'Mild'),
(45, 2, 'Moderate'),
(45, 6, 'Mild'),
(46, 4, 'Mild'),
(46, 2, 'Mild'),
(46, 8, 'Mild'),
(46, 3, 'None'),
(46, 5, 'Mild'),
(47, 6, 'None'),
(47, 3, 'None'),
(47, 1, 'Moderate'),
(47, 7, 'None'),
(47, 5, 'None'),
(48, 1, 'None'),
(48, 8, 'Moderate'),
(48, 3, 'Mild'),
(48, 2, 'Mild'),
(49, 6, 'Moderate'),
(49, 8, 'None'),
(49, 3, 'Mild'),
(49, 4, 'Moderate'),
(49, 1, 'Mild'),
(50, 1, 'Moderate'),
(50, 5, 'Mild'),
(50, 7, 'None'),
(50, 2, 'Moderate'),
(50, 3, 'None'),
(51, 2, 'Moderate'),
(51, 6, 'None'),
(51, 3, 'Moderate'),
(51, 5, 'Moderate'),
(52, 5, 'None'),
(52, 8, 'Moderate'),
(52, 2, 'None'),
(52, 6, 'None'),
(52, 4, 'Mild'),
(53, 7, 'Moderate'),
(53, 5, 'Mild'),
(53, 1, 'Moderate'),
(53, 3, 'None'),
(54, 8, 'None'),
(54, 4, 'Moderate'),
(54, 7, 'None'),
(54, 2, 'Mild'),
(55, 5, 'None'),
(55, 8, 'None'),
(56, 2, 'Mild'),
(56, 7, 'Mild'),
(56, 8, 'Mild'),
(56, 3, 'Mild'),
(57, 4, 'Severe'),
(57, 8, 'Severe'),
(58, 8, 'None'),
(58, 4, 'None'),
(59, 7, 'Mild'),
(59, 4, 'Mild'),
(59, 8, 'None'),
(60, 2, 'Moderate'),
(60, 7, 'Mild'),
(61, 8, 'Mild'),
(61, 1, 'Mild'),
(61, 5, 'Moderate'),
(62, 8, 'None'),
(62, 6, 'None'),
(62, 5, 'Moderate'),
(63, 7, 'None'),
(63, 8, 'Moderate'),
(63, 5, 'Moderate'),
(63, 4, 'Moderate'),
(63, 2, 'Mild'),
(64, 8, 'Moderate'),
(64, 6, 'Mild'),
(64, 2, 'None'),
(64, 3, 'Moderate'),
(65, 5, 'None'),
(65, 3, 'Mild'),
(65, 7, 'Mild'),
(66, 4, 'Mild'),
(66, 8, 'None'),
(66, 6, 'Mild'),
(67, 7, 'Severe'),
(67, 4, 'Severe'),
(68, 8, 'Moderate'),
(68, 4, 'Moderate'),
(68, 1, 'None'),
(68, 2, 'None'),
(69, 7, 'Mild'),
(69, 4, 'Moderate'),
(70, 7, 'None'),
(70, 8, 'None'),
(70, 4, 'None'),
(70, 5, 'None'),
(71, 8, 'Moderate'),
(71, 2, 'Moderate'),
(71, 3, 'Mild'),
(72, 6, 'Moderate'),
(72, 8, 'Mild'),
(72, 7, 'None'),
(72, 4, 'None'),
(72, 2, 'Mild'),
(73, 1, 'Moderate'),
(73, 8, 'Mild'),
(73, 6, 'Mild'),
(73, 4, 'Moderate'),
(73, 2, 'Moderate'),
(74, 4, 'Moderate'),
(74, 8, 'Moderate'),
(74, 3, 'Moderate'),
(74, 6, 'Moderate'),
(75, 8, 'None'),
(75, 1, 'None'),
(76, 6, 'None'),
(76, 2, 'Mild'),
(77, 1, 'Mild'),
(77, 2, 'Mild'),
(78, 4, 'Severe'),
(78, 2, 'Severe'),
(78, 8, 'Severe'),
(79, 4, 'None'),
(79, 8, 'Moderate'),
(80, 3, 'Severe'),
(80, 5, 'Severe'),
(80, 7, 'Severe'),
(80, 1, 'Severe'),
(81, 5, 'Mild'),
(81, 1, 'Moderate'),
(81, 8, 'None'),
(82, 7, 'Mild'),
(82, 6, 'None'),
(82, 2, 'Moderate'),
(82, 1, 'None'),
(82, 8, 'None'),
(83, 1, 'None'),
(83, 3, 'Moderate'),
(84, 2, 'Severe'),
(84, 5, 'Severe'),
(84, 6, 'Severe'),
(84, 3, 'Severe'),
(85, 7, 'Severe'),
(85, 8, 'Severe'),
(86, 2, 'Moderate'),
(86, 4, 'Mild'),
(86, 3, 'None'),
(86, 7, 'None'),
(86, 8, 'None'),
(87, 8, 'Severe'),
(87, 4, 'Severe'),
(87, 7, 'Severe'),
(87, 5, 'Severe'),
(88, 6, 'Severe'),
(88, 7, 'Severe'),
(88, 2, 'Severe'),
(88, 1, 'Severe'),
(89, 8, 'None'),
(89, 2, 'None'),
(89, 4, 'Moderate'),
(89, 5, 'Moderate'),
(90, 8, 'Moderate'),
(90, 7, 'Mild'),
(91, 4, 'None'),
(91, 3, 'None'),
(91, 7, 'Moderate'),
(91, 6, 'None'),
(91, 5, 'Mild'),
(92, 2, 'Moderate'),
(92, 8, 'Moderate'),
(92, 6, 'None'),
(93, 8, 'Moderate'),
(93, 6, 'Moderate'),
(93, 7, 'Mild'),
(94, 5, 'Moderate'),
(94, 2, 'None'),
(95, 5, 'Moderate'),
(95, 6, 'Moderate'),
(95, 8, 'None'),
(96, 7, 'Moderate'),
(96, 6, 'None'),
(96, 5, 'Moderate'),
(96, 3, 'Moderate'),
(97, 5, 'Moderate'),
(97, 2, 'Mild'),
(97, 1, 'None'),
(97, 7, 'None'),
(98, 4, 'Moderate'),
(98, 2, 'Moderate'),
(98, 6, 'None'),
(99, 2, 'Mild'),
(99, 7, 'Moderate'),
(99, 8, 'Mild'),
(99, 3, 'Moderate'),
(100, 3, 'Mild'),
(100, 8, 'Mild'),
(101, 3, 'Mild'),
(101, 6, 'None'),
(101, 4, 'Moderate'),
(101, 1, 'Moderate'),
(102, 8, 'Moderate'),
(102, 3, 'Mild'),
(102, 2, 'Mild'),
(102, 1, 'Moderate'),
(102, 7, 'Moderate'),
(103, 1, 'Mild'),
(103, 2, 'None'),
(104, 2, 'Moderate'),
(104, 8, 'None'),
(104, 1, 'None'),
(104, 5, 'None'),
(105, 7, 'Moderate'),
(105, 4, 'None'),
(105, 8, 'Moderate'),
(106, 1, 'Mild'),
(106, 5, 'None'),
(106, 6, 'Mild'),
(106, 8, 'Moderate'),
(107, 3, 'Mild'),
(107, 2, 'None'),
(108, 3, 'Moderate'),
(108, 1, 'Moderate'),
(109, 5, 'Severe'),
(109, 1, 'Severe'),
(109, 2, 'Severe'),
(109, 3, 'Severe'),
(109, 8, 'Severe'),
(110, 2, 'Moderate'),
(110, 6, 'Mild'),
(110, 8, 'None'),
(110, 3, 'Mild'),
(110, 7, 'None');

-- Cast & Crew
INSERT INTO CAST_CREW (movie_id, person_id, role_id) VALUES
(1, 29, 3),
(1, 40, 5),
(1, 8, 1),
(1, 18, 2),
(1, 13, 1),
(1, 7, 1),
(1, 42, 7),
(1, 45, 7),
(2, 31, 3),
(2, 39, 5),
(2, 4, 1),
(2, 25, 2),
(2, 21, 2),
(2, 19, 2),
(2, 44, 7),
(2, 41, 7),
(3, 28, 3),
(3, 40, 5),
(3, 17, 2),
(3, 11, 1),
(3, 22, 2),
(3, 45, 7),
(3, 44, 7),
(4, 32, 3),
(4, 38, 5),
(4, 12, 1),
(4, 14, 1),
(4, 25, 2),
(4, 45, 7),
(4, 42, 7),
(5, 30, 3),
(5, 38, 5),
(5, 25, 2),
(5, 18, 2),
(5, 24, 2),
(5, 44, 7),
(5, 45, 7),
(6, 26, 3),
(6, 40, 5),
(6, 10, 1),
(6, 20, 2),
(6, 42, 7),
(6, 43, 7),
(7, 26, 3),
(7, 38, 5),
(7, 7, 1),
(7, 11, 1),
(7, 45, 7),
(7, 42, 7),
(8, 31, 3),
(8, 40, 5),
(8, 12, 1),
(8, 5, 1),
(8, 9, 1),
(8, 42, 7),
(8, 45, 7),
(9, 35, 3),
(9, 37, 5),
(9, 19, 2),
(9, 13, 1),
(9, 41, 7),
(9, 43, 7),
(10, 35, 3),
(10, 36, 5),
(10, 16, 2),
(10, 23, 2),
(10, 45, 7),
(10, 43, 7),
(11, 31, 3),
(11, 38, 5),
(11, 13, 1),
(11, 3, 1),
(11, 25, 2),
(11, 2, 1),
(11, 44, 7),
(11, 45, 7),
(12, 32, 3),
(12, 36, 5),
(12, 20, 2),
(12, 1, 1),
(12, 21, 2),
(12, 25, 2),
(12, 43, 7),
(12, 41, 7),
(13, 28, 3),
(13, 36, 5),
(13, 17, 2),
(13, 23, 2),
(13, 8, 1),
(13, 44, 7),
(13, 45, 7),
(14, 32, 3),
(14, 37, 5),
(14, 3, 1),
(14, 8, 1),
(14, 14, 1),
(14, 10, 1),
(14, 42, 7),
(14, 43, 7),
(15, 30, 3),
(15, 36, 5),
(15, 18, 2),
(15, 13, 1),
(15, 44, 7),
(15, 45, 7),
(16, 33, 3),
(16, 40, 5),
(16, 25, 2),
(16, 5, 1),
(16, 42, 7),
(16, 44, 7),
(17, 34, 3),
(17, 37, 5),
(17, 7, 1),
(17, 18, 2),
(17, 20, 2),
(17, 24, 2),
(17, 42, 7),
(17, 41, 7),
(18, 32, 3),
(18, 39, 5),
(18, 19, 2),
(18, 3, 1),
(18, 4, 1),
(18, 22, 2),
(18, 43, 7),
(18, 45, 7),
(19, 31, 3),
(19, 40, 5),
(19, 1, 1),
(19, 25, 2),
(19, 10, 1),
(19, 6, 1),
(19, 44, 7),
(19, 42, 7),
(20, 28, 3),
(20, 36, 5),
(20, 22, 2),
(20, 12, 1),
(20, 41, 7),
(20, 45, 7),
(21, 31, 3),
(21, 36, 5),
(21, 10, 1),
(21, 1, 1),
(21, 43, 7),
(21, 44, 7),
(22, 29, 3),
(22, 37, 5),
(22, 7, 1),
(22, 24, 2),
(22, 18, 2),
(22, 45, 7),
(22, 43, 7),
(23, 32, 3),
(23, 40, 5),
(23, 5, 1),
(23, 23, 2),
(23, 22, 2),
(23, 1, 1),
(23, 45, 7),
(23, 41, 7),
(24, 30, 3),
(24, 36, 5),
(24, 23, 2),
(24, 20, 2),
(24, 44, 7),
(24, 41, 7),
(25, 26, 3),
(25, 38, 5),
(25, 9, 1),
(25, 22, 2),
(25, 12, 1),
(25, 4, 1),
(25, 44, 7),
(25, 42, 7),
(26, 27, 3),
(26, 37, 5),
(26, 16, 2),
(26, 20, 2),
(26, 18, 2),
(26, 42, 7),
(26, 44, 7),
(27, 30, 3),
(27, 38, 5),
(27, 8, 1),
(27, 17, 2),
(27, 44, 7),
(27, 45, 7),
(28, 31, 3),
(28, 38, 5),
(28, 12, 1),
(28, 22, 2),
(28, 43, 7),
(28, 42, 7),
(29, 32, 3),
(29, 36, 5),
(29, 21, 2),
(29, 9, 1),
(29, 45, 7),
(29, 43, 7),
(30, 27, 3),
(30, 39, 5),
(30, 13, 1),
(30, 22, 2),
(30, 5, 1),
(30, 45, 7),
(30, 42, 7),
(31, 35, 3),
(31, 38, 5),
(31, 14, 1),
(31, 10, 1),
(31, 44, 7),
(31, 42, 7),
(32, 29, 3),
(32, 37, 5),
(32, 19, 2),
(32, 18, 2),
(32, 43, 7),
(32, 42, 7),
(33, 28, 3),
(33, 38, 5),
(33, 21, 2),
(33, 19, 2),
(33, 41, 7),
(33, 45, 7),
(34, 31, 3),
(34, 39, 5),
(34, 24, 2),
(34, 1, 1),
(34, 44, 7),
(34, 43, 7),
(35, 29, 3),
(35, 36, 5),
(35, 24, 2),
(35, 9, 1),
(35, 5, 1),
(35, 25, 2),
(35, 42, 7),
(35, 45, 7),
(36, 35, 3),
(36, 37, 5),
(36, 20, 2),
(36, 19, 2),
(36, 8, 1),
(36, 42, 7),
(36, 41, 7),
(37, 33, 3),
(37, 38, 5),
(37, 5, 1),
(37, 17, 2),
(37, 20, 2),
(37, 42, 7),
(37, 44, 7),
(38, 26, 3),
(38, 39, 5),
(38, 7, 1),
(38, 8, 1),
(38, 41, 7),
(38, 43, 7),
(39, 28, 3),
(39, 39, 5),
(39, 22, 2),
(39, 7, 1),
(39, 25, 2),
(39, 3, 1),
(39, 45, 7),
(39, 44, 7),
(40, 26, 3),
(40, 40, 5),
(40, 14, 1),
(40, 13, 1),
(40, 44, 7),
(40, 43, 7),
(41, 26, 3),
(41, 40, 5),
(41, 19, 2),
(41, 20, 2),
(41, 18, 2),
(41, 17, 2),
(41, 41, 7),
(41, 44, 7),
(42, 34, 3),
(42, 39, 5),
(42, 18, 2),
(42, 13, 1),
(42, 24, 2),
(42, 2, 1),
(42, 45, 7),
(42, 41, 7),
(43, 28, 3),
(43, 39, 5),
(43, 25, 2),
(43, 10, 1),
(43, 15, 1),
(43, 43, 7),
(43, 41, 7),
(44, 34, 3),
(44, 36, 5),
(44, 21, 2),
(44, 15, 1),
(44, 3, 1),
(44, 42, 7),
(44, 45, 7),
(45, 35, 3),
(45, 37, 5),
(45, 1, 1),
(45, 6, 1),
(45, 15, 1),
(45, 44, 7),
(45, 41, 7),
(46, 27, 3),
(46, 36, 5),
(46, 23, 2),
(46, 6, 1),
(46, 24, 2),
(46, 4, 1),
(46, 44, 7),
(46, 43, 7),
(47, 34, 3),
(47, 39, 5),
(47, 17, 2),
(47, 20, 2),
(47, 6, 1),
(47, 13, 1),
(47, 41, 7),
(47, 42, 7),
(48, 28, 3),
(48, 36, 5),
(48, 6, 1),
(48, 5, 1),
(48, 44, 7),
(48, 43, 7),
(49, 27, 3),
(49, 37, 5),
(49, 10, 1),
(49, 21, 2),
(49, 6, 1),
(49, 42, 7),
(49, 41, 7),
(50, 33, 3),
(50, 40, 5),
(50, 15, 1),
(50, 16, 2),
(50, 41, 7),
(50, 44, 7),
(51, 33, 3),
(51, 36, 5),
(51, 22, 2),
(51, 16, 2),
(51, 15, 1),
(51, 14, 1),
(51, 45, 7),
(51, 41, 7),
(52, 28, 3),
(52, 36, 5),
(52, 18, 2),
(52, 7, 1),
(52, 2, 1),
(52, 6, 1),
(52, 43, 7),
(52, 41, 7),
(53, 26, 3),
(53, 36, 5),
(53, 20, 2),
(53, 10, 1),
(53, 11, 1),
(53, 3, 1),
(53, 44, 7),
(53, 42, 7),
(54, 28, 3),
(54, 39, 5),
(54, 23, 2),
(54, 20, 2),
(54, 19, 2),
(54, 18, 2),
(54, 45, 7),
(54, 43, 7),
(55, 32, 3),
(55, 40, 5),
(55, 12, 1),
(55, 13, 1),
(55, 3, 1),
(55, 41, 7),
(55, 43, 7),
(56, 34, 3),
(56, 37, 5),
(56, 9, 1),
(56, 11, 1),
(56, 17, 2),
(56, 14, 1),
(56, 42, 7),
(56, 41, 7),
(57, 35, 3),
(57, 38, 5),
(57, 3, 1),
(57, 16, 2),
(57, 24, 2),
(57, 23, 2),
(57, 44, 7),
(57, 43, 7),
(58, 33, 3),
(58, 40, 5),
(58, 5, 1),
(58, 20, 2),
(58, 19, 2),
(58, 44, 7),
(58, 45, 7),
(59, 29, 3),
(59, 36, 5),
(59, 23, 2),
(59, 10, 1),
(59, 41, 7),
(59, 45, 7),
(60, 35, 3),
(60, 39, 5),
(60, 24, 2),
(60, 7, 1),
(60, 44, 7),
(60, 41, 7),
(61, 30, 3),
(61, 38, 5),
(61, 21, 2),
(61, 7, 1),
(61, 1, 1),
(61, 23, 2),
(61, 41, 7),
(61, 43, 7),
(62, 31, 3),
(62, 38, 5),
(62, 4, 1),
(62, 22, 2),
(62, 44, 7),
(62, 41, 7),
(63, 33, 3),
(63, 39, 5),
(63, 11, 1),
(63, 22, 2),
(63, 41, 7),
(63, 42, 7),
(64, 26, 3),
(64, 40, 5),
(64, 15, 1),
(64, 18, 2),
(64, 11, 1),
(64, 14, 1),
(64, 43, 7),
(64, 45, 7),
(65, 28, 3),
(65, 38, 5),
(65, 22, 2),
(65, 11, 1),
(65, 12, 1),
(65, 3, 1),
(65, 41, 7),
(65, 43, 7),
(66, 32, 3),
(66, 37, 5),
(66, 19, 2),
(66, 20, 2),
(66, 45, 7),
(66, 41, 7),
(67, 30, 3),
(67, 39, 5),
(67, 23, 2),
(67, 11, 1),
(67, 2, 1),
(67, 41, 7),
(67, 44, 7),
(68, 28, 3),
(68, 36, 5),
(68, 7, 1),
(68, 17, 2),
(68, 10, 1),
(68, 43, 7),
(68, 41, 7),
(69, 34, 3),
(69, 37, 5),
(69, 17, 2),
(69, 1, 1),
(69, 16, 2),
(69, 42, 7),
(69, 43, 7),
(70, 27, 3),
(70, 40, 5),
(70, 25, 2),
(70, 11, 1),
(70, 5, 1),
(70, 42, 7),
(70, 45, 7),
(71, 26, 3),
(71, 38, 5),
(71, 23, 2),
(71, 17, 2),
(71, 4, 1),
(71, 41, 7),
(71, 45, 7),
(72, 30, 3),
(72, 36, 5),
(72, 17, 2),
(72, 25, 2),
(72, 45, 7),
(72, 43, 7),
(73, 34, 3),
(73, 38, 5),
(73, 7, 1),
(73, 10, 1),
(73, 9, 1),
(73, 44, 7),
(73, 41, 7),
(74, 34, 3),
(74, 40, 5),
(74, 4, 1),
(74, 1, 1),
(74, 20, 2),
(74, 41, 7),
(74, 42, 7),
(75, 30, 3),
(75, 40, 5),
(75, 9, 1),
(75, 5, 1),
(75, 23, 2),
(75, 42, 7),
(75, 45, 7),
(76, 28, 3),
(76, 36, 5),
(76, 18, 2),
(76, 15, 1),
(76, 2, 1),
(76, 44, 7),
(76, 41, 7),
(77, 28, 3),
(77, 40, 5),
(77, 14, 1),
(77, 13, 1),
(77, 45, 7),
(77, 44, 7),
(78, 34, 3),
(78, 36, 5),
(78, 11, 1),
(78, 7, 1),
(78, 23, 2),
(78, 44, 7),
(78, 42, 7),
(79, 33, 3),
(79, 39, 5),
(79, 15, 1),
(79, 4, 1),
(79, 10, 1),
(79, 22, 2),
(79, 42, 7),
(79, 45, 7),
(80, 31, 3),
(80, 38, 5),
(80, 13, 1),
(80, 6, 1),
(80, 23, 2),
(80, 44, 7),
(80, 45, 7),
(81, 33, 3),
(81, 37, 5),
(81, 12, 1),
(81, 16, 2),
(81, 43, 7),
(81, 45, 7),
(82, 32, 3),
(82, 36, 5),
(82, 17, 2),
(82, 4, 1),
(82, 43, 7),
(82, 41, 7),
(83, 29, 3),
(83, 40, 5),
(83, 15, 1),
(83, 13, 1),
(83, 19, 2),
(83, 14, 1),
(83, 42, 7),
(83, 45, 7),
(84, 32, 3),
(84, 39, 5),
(84, 23, 2),
(84, 19, 2),
(84, 45, 7),
(84, 43, 7),
(85, 27, 3),
(85, 40, 5),
(85, 6, 1),
(85, 22, 2),
(85, 44, 7),
(85, 41, 7),
(86, 33, 3),
(86, 37, 5),
(86, 11, 1),
(86, 18, 2),
(86, 4, 1),
(86, 43, 7),
(86, 44, 7),
(87, 33, 3),
(87, 36, 5),
(87, 20, 2),
(87, 25, 2),
(87, 13, 1),
(87, 11, 1),
(87, 41, 7),
(87, 42, 7),
(88, 28, 3),
(88, 39, 5),
(88, 1, 1),
(88, 25, 2),
(88, 5, 1),
(88, 22, 2),
(88, 45, 7),
(88, 43, 7),
(89, 31, 3),
(89, 38, 5),
(89, 7, 1),
(89, 22, 2),
(89, 45, 7),
(89, 43, 7),
(90, 35, 3),
(90, 40, 5),
(90, 3, 1),
(90, 19, 2),
(90, 1, 1),
(90, 44, 7),
(90, 42, 7),
(91, 34, 3),
(91, 38, 5),
(91, 18, 2),
(91, 2, 1),
(91, 1, 1),
(91, 41, 7),
(91, 43, 7),
(92, 31, 3),
(92, 39, 5),
(92, 23, 2),
(92, 19, 2),
(92, 13, 1),
(92, 44, 7),
(92, 45, 7),
(93, 34, 3),
(93, 39, 5),
(93, 6, 1),
(93, 16, 2),
(93, 5, 1),
(93, 7, 1),
(93, 43, 7),
(93, 44, 7),
(94, 26, 3),
(94, 37, 5),
(94, 1, 1),
(94, 3, 1),
(94, 44, 7),
(94, 45, 7),
(95, 33, 3),
(95, 40, 5),
(95, 21, 2),
(95, 14, 1),
(95, 44, 7),
(95, 42, 7),
(96, 31, 3),
(96, 37, 5),
(96, 18, 2),
(96, 15, 1),
(96, 13, 1),
(96, 42, 7),
(96, 44, 7),
(97, 34, 3),
(97, 38, 5),
(97, 24, 2),
(97, 8, 1),
(97, 23, 2),
(97, 44, 7),
(97, 43, 7),
(98, 35, 3),
(98, 39, 5),
(98, 23, 2),
(98, 12, 1),
(98, 4, 1),
(98, 41, 7),
(98, 42, 7),
(99, 34, 3),
(99, 40, 5),
(99, 15, 1),
(99, 17, 2),
(99, 3, 1),
(99, 41, 7),
(99, 42, 7),
(100, 35, 3),
(100, 38, 5),
(100, 22, 2),
(100, 3, 1),
(100, 21, 2),
(100, 18, 2),
(100, 45, 7),
(100, 41, 7),
(101, 35, 3),
(101, 38, 5),
(101, 15, 1),
(101, 17, 2),
(101, 16, 2),
(101, 44, 7),
(101, 43, 7),
(102, 35, 3),
(102, 38, 5),
(102, 2, 1),
(102, 23, 2),
(102, 45, 7),
(102, 43, 7),
(103, 30, 3),
(103, 40, 5),
(103, 19, 2),
(103, 6, 1),
(103, 2, 1),
(103, 41, 7),
(103, 43, 7),
(104, 30, 3),
(104, 38, 5),
(104, 3, 1),
(104, 9, 1),
(104, 5, 1),
(104, 20, 2),
(104, 43, 7),
(104, 41, 7),
(105, 31, 3),
(105, 37, 5),
(105, 24, 2),
(105, 5, 1),
(105, 22, 2),
(105, 15, 1),
(105, 43, 7),
(105, 42, 7),
(106, 28, 3),
(106, 40, 5),
(106, 11, 1),
(106, 3, 1),
(106, 42, 7),
(106, 44, 7),
(107, 28, 3),
(107, 37, 5),
(107, 8, 1),
(107, 22, 2),
(107, 15, 1),
(107, 45, 7),
(107, 43, 7),
(108, 33, 3),
(108, 39, 5),
(108, 2, 1),
(108, 6, 1),
(108, 44, 7),
(108, 43, 7),
(109, 32, 3),
(109, 39, 5),
(109, 8, 1),
(109, 13, 1),
(109, 22, 2),
(109, 23, 2),
(109, 43, 7),
(109, 42, 7),
(110, 34, 3),
(110, 36, 5),
(110, 13, 1),
(110, 22, 2),
(110, 11, 1),
(110, 41, 7),
(110, 43, 7);

-- Contracts
INSERT INTO CONTRACT (contract_id, person_id, production_id, advance_paid, profit_share, remuneration, contract_type, status) VALUES
(1, 11, 4, 40077957, 0.3, 123671419, 'Hybrid', 'Terminated'),
(2, 8, 4, 137667420, 0.23, 341077506, 'Per Day', 'Completed'),
(3, 10, 4, 114869800, 3.48, 365424273, 'Hybrid', 'Completed'),
(4, 5, 4, 51948158, 1.2, 166001409, 'Per Day', 'Active'),
(5, 34, 4, 191867315, 4.57, 465388947, 'Per Day', 'Terminated'),
(6, 18, 4, 37433408, 3.23, 135383673, 'Hybrid', 'Completed'),
(7, 17, 4, 19708580, 0.26, 54641228, 'Revenue Share', 'Completed'),
(8, 5, 4, 125609487, 0.94, 329790497, 'Fixed Fee', 'Terminated'),
(9, 32, 4, 80865115, 4.35, 305030567, 'Revenue Share', 'Completed'),
(10, 7, 4, 202936738, 4.57, 405977730, 'Per Day', 'Terminated'),
(11, 24, 4, 100054883, 2.76, 382832882, 'Revenue Share', 'Completed'),
(12, 27, 4, 91938136, 1.54, 255316310, 'Hybrid', 'Completed'),
(13, 15, 14, 187047810, 1.85, 413896437, 'Revenue Share', 'Completed'),
(14, 4, 14, 140983665, 0.08, 307003162, 'Revenue Share', 'Terminated'),
(15, 24, 14, 131425926, 0.76, 315924988, 'Hybrid', 'Completed'),
(16, 33, 14, 77497954, 2.5, 208924925, 'Revenue Share', 'Terminated'),
(17, 9, 6, 63220075, 0.85, 252405685, 'Hybrid', 'Terminated'),
(18, 25, 6, 68183782, 2.62, 267162829, 'Fixed Fee', 'Active'),
(19, 16, 6, 13328084, 0.69, 31045966, 'Per Day', 'Terminated'),
(20, 33, 6, 17100143, 1.09, 41490009, 'Fixed Fee', 'Completed'),
(21, 20, 2, 170766063, 0.08, 495029705, 'Per Day', 'Terminated'),
(22, 21, 2, 45970047, 2.68, 225835680, 'Hybrid', 'Completed'),
(23, 35, 2, 121919068, 4.03, 274625176, 'Per Day', 'Active'),
(24, 17, 15, 41697393, 4.08, 108042738, 'Hybrid', 'Completed'),
(25, 5, 15, 14792009, 2.29, 47423135, 'Per Day', 'Active'),
(26, 29, 15, 36613334, 3.27, 126256191, 'Fixed Fee', 'Terminated'),
(27, 13, 11, 13735310, 0.41, 35126477, 'Revenue Share', 'Completed'),
(28, 18, 11, 127568964, 4.47, 426108824, 'Fixed Fee', 'Active'),
(29, 33, 11, 55741978, 1.36, 118503666, 'Per Day', 'Active'),
(30, 18, 2, 48480525, 0.08, 101290213, 'Hybrid', 'Active'),
(31, 19, 2, 35080947, 4.64, 82412255, 'Per Day', 'Completed'),
(32, 22, 2, 83757787, 3.39, 307772754, 'Per Day', 'Terminated'),
(33, 26, 2, 90062437, 3.95, 211075866, 'Revenue Share', 'Terminated'),
(34, 24, 1, 58541833, 3.03, 129631361, 'Hybrid', 'Terminated'),
(35, 12, 1, 106956766, 0.15, 217978324, 'Hybrid', 'Completed'),
(36, 2, 1, 72047213, 2.16, 268390725, 'Per Day', 'Terminated'),
(37, 4, 1, 112952242, 3.99, 359695529, 'Hybrid', 'Terminated'),
(38, 32, 1, 13751476, 3.56, 49043822, 'Per Day', 'Terminated'),
(39, 13, 1, 3761293, 1.8, 7789162, 'Per Day', 'Completed'),
(40, 11, 1, 17221852, 2.24, 76139157, 'Per Day', 'Terminated'),
(41, 12, 1, 51756771, 1.77, 224067048, 'Fixed Fee', 'Active'),
(42, 4, 1, 141949589, 0.06, 326072317, 'Per Day', 'Completed'),
(43, 27, 1, 95418974, 2.86, 423313231, 'Revenue Share', 'Active'),
(44, 6, 14, 51877364, 0.84, 149099800, 'Fixed Fee', 'Completed'),
(45, 5, 14, 57289951, 1.81, 165928264, 'Fixed Fee', 'Active'),
(46, 9, 14, 102545246, 2.29, 271181905, 'Revenue Share', 'Active'),
(47, 30, 14, 4184056, 4.21, 8633203, 'Hybrid', 'Completed'),
(48, 11, 11, 22653764, 2.4, 78081270, 'Revenue Share', 'Active'),
(49, 14, 11, 50684962, 4.84, 176335728, 'Per Day', 'Active'),
(50, 21, 11, 58776284, 1.83, 206893153, 'Per Day', 'Terminated'),
(51, 35, 11, 161209745, 3.41, 322949465, 'Revenue Share', 'Terminated'),
(52, 15, 11, 202033750, 3.36, 444678788, 'Per Day', 'Active'),
(53, 23, 11, 45683928, 3.58, 167582039, 'Revenue Share', 'Completed'),
(54, 7, 11, 122358881, 2.91, 246090859, 'Per Day', 'Terminated'),
(55, 10, 11, 230044909, 2.72, 499131790, 'Per Day', 'Completed'),
(56, 27, 11, 215530279, 0.55, 485768712, 'Fixed Fee', 'Active'),
(57, 12, 13, 152176757, 4.83, 307376588, 'Per Day', 'Completed'),
(58, 6, 13, 12571514, 1.11, 61878550, 'Hybrid', 'Terminated'),
(59, 21, 13, 113956699, 2.23, 304570433, 'Revenue Share', 'Completed'),
(60, 20, 13, 169481861, 1.72, 419648077, 'Revenue Share', 'Active'),
(61, 26, 13, 17643790, 0.58, 61129510, 'Fixed Fee', 'Terminated'),
(62, 10, 7, 98211331, 0.49, 284771392, 'Per Day', 'Terminated'),
(63, 11, 7, 73298994, 0.22, 247905738, 'Hybrid', 'Terminated'),
(64, 15, 7, 7787793, 3.39, 17125289, 'Fixed Fee', 'Active'),
(65, 29, 7, 71164324, 1.65, 282022118, 'Revenue Share', 'Completed'),
(66, 13, 3, 41200855, 1.98, 105065717, 'Per Day', 'Terminated'),
(67, 21, 3, 124183850, 1.94, 479109295, 'Per Day', 'Terminated'),
(68, 28, 3, 32738894, 2.89, 115479703, 'Fixed Fee', 'Terminated'),
(69, 11, 1, 58516502, 2.64, 145849904, 'Per Day', 'Terminated'),
(70, 7, 1, 103049443, 2.94, 325496273, 'Per Day', 'Completed'),
(71, 15, 1, 154825108, 4.07, 458933915, 'Revenue Share', 'Terminated'),
(72, 27, 1, 191486218, 3.36, 498213953, 'Fixed Fee', 'Completed'),
(73, 10, 15, 83816564, 2.09, 205417168, 'Per Day', 'Active'),
(74, 4, 15, 68979243, 3.18, 211002719, 'Per Day', 'Terminated'),
(75, 28, 15, 35916161, 1.44, 98004725, 'Per Day', 'Active'),
(76, 20, 7, 63896059, 4.82, 265172435, 'Per Day', 'Terminated'),
(77, 2, 7, 87377068, 2.08, 270734915, 'Per Day', 'Completed'),
(78, 12, 7, 21309698, 3.98, 94793533, 'Fixed Fee', 'Active'),
(79, 26, 7, 6370238, 0.84, 22553041, 'Hybrid', 'Completed'),
(80, 25, 9, 73200669, 2.71, 312473518, 'Hybrid', 'Active'),
(81, 16, 9, 79222942, 0.51, 298321180, 'Per Day', 'Terminated'),
(82, 18, 9, 76225057, 2.25, 164831265, 'Fixed Fee', 'Completed'),
(83, 17, 9, 110633589, 3.88, 240723857, 'Fixed Fee', 'Active'),
(84, 27, 9, 185467161, 4.31, 440242705, 'Hybrid', 'Terminated'),
(85, 6, 13, 115777841, 2.85, 441760521, 'Fixed Fee', 'Terminated'),
(86, 20, 13, 117687434, 4.9, 325435530, 'Hybrid', 'Completed'),
(87, 5, 13, 87559230, 0.68, 312485074, 'Fixed Fee', 'Completed'),
(88, 29, 13, 70805577, 3.51, 153886938, 'Revenue Share', 'Active'),
(89, 23, 13, 187484896, 2.45, 413813017, 'Per Day', 'Terminated'),
(90, 11, 13, 57966695, 2.26, 149266420, 'Per Day', 'Terminated'),
(91, 29, 13, 78484081, 3.47, 221278862, 'Hybrid', 'Completed'),
(92, 11, 9, 195387669, 4.25, 397416093, 'Hybrid', 'Terminated'),
(93, 19, 9, 59807293, 2.47, 121946553, 'Revenue Share', 'Completed'),
(94, 1, 9, 67860445, 2.83, 186330918, 'Revenue Share', 'Completed'),
(95, 27, 9, 196329773, 0.23, 485045627, 'Fixed Fee', 'Terminated'),
(96, 4, 11, 50068975, 1.01, 250091310, 'Per Day', 'Terminated'),
(97, 6, 11, 189046389, 4.37, 478599472, 'Revenue Share', 'Completed'),
(98, 33, 11, 109826760, 1.86, 356429239, 'Fixed Fee', 'Terminated'),
(99, 13, 2, 161786275, 2.15, 394762033, 'Revenue Share', 'Active'),
(100, 21, 2, 11238552, 0.39, 56101349, 'Per Day', 'Terminated'),
(101, 30, 2, 114683830, 0.04, 283874510, 'Fixed Fee', 'Completed'),
(102, 23, 7, 40283089, 0.52, 127914913, 'Fixed Fee', 'Completed'),
(103, 5, 7, 24751087, 3.21, 78620728, 'Revenue Share', 'Terminated'),
(104, 16, 7, 14986786, 3.05, 41728201, 'Fixed Fee', 'Active'),
(105, 27, 7, 80654878, 4.6, 193542471, 'Revenue Share', 'Terminated'),
(106, 7, 9, 96903378, 1.76, 408966183, 'Per Day', 'Completed'),
(107, 3, 9, 103966972, 3.22, 429706048, 'Hybrid', 'Active'),
(108, 4, 9, 124511159, 3.89, 327658912, 'Hybrid', 'Terminated'),
(109, 28, 9, 208990394, 1.03, 460208605, 'Hybrid', 'Terminated'),
(110, 24, 14, 76142974, 2.47, 351909756, 'Revenue Share', 'Active'),
(111, 13, 14, 106941663, 2.64, 273211333, 'Fixed Fee', 'Active'),
(112, 30, 14, 41906330, 1.83, 174904962, 'Per Day', 'Terminated'),
(113, 25, 3, 8421974, 0.2, 41256274, 'Revenue Share', 'Active'),
(114, 3, 3, 79202702, 2.12, 276984496, 'Per Day', 'Completed'),
(115, 1, 3, 125937126, 1.39, 348885837, 'Revenue Share', 'Completed'),
(116, 35, 3, 133121748, 2.68, 279504617, 'Revenue Share', 'Completed'),
(117, 25, 9, 125906122, 0.29, 380098758, 'Revenue Share', 'Active'),
(118, 21, 9, 22603437, 1.55, 67269823, 'Fixed Fee', 'Terminated'),
(119, 22, 9, 101744072, 3.54, 402637833, 'Fixed Fee', 'Terminated'),
(120, 3, 9, 32434908, 2.62, 92956975, 'Hybrid', 'Terminated'),
(121, 30, 9, 29485354, 3.66, 94637552, 'Hybrid', 'Active'),
(122, 14, 15, 60470093, 2.48, 146170016, 'Fixed Fee', 'Terminated'),
(123, 9, 15, 12163208, 1.84, 34763645, 'Revenue Share', 'Completed'),
(124, 17, 15, 180543952, 1.14, 485106703, 'Fixed Fee', 'Terminated'),
(125, 27, 15, 13107077, 1.22, 28642670, 'Fixed Fee', 'Completed'),
(126, 5, 7, 206824653, 1.12, 436169340, 'Per Day', 'Active'),
(127, 6, 7, 206668347, 4.13, 496695781, 'Hybrid', 'Terminated'),
(128, 2, 7, 24228320, 0.9, 69102886, 'Fixed Fee', 'Terminated'),
(129, 34, 7, 48603186, 4.33, 220244890, 'Per Day', 'Completed'),
(130, 18, 11, 52837024, 3.7, 203062073, 'Hybrid', 'Active'),
(131, 15, 11, 76526537, 4.99, 202715396, 'Per Day', 'Active'),
(132, 26, 11, 181344326, 0.03, 413280782, 'Revenue Share', 'Completed'),
(133, 18, 1, 37053298, 4.25, 184861083, 'Per Day', 'Terminated'),
(134, 12, 1, 15904629, 2.1, 60807205, 'Revenue Share', 'Active'),
(135, 26, 1, 109906316, 4.61, 387065513, 'Fixed Fee', 'Terminated'),
(136, 12, 13, 19801074, 0.37, 56312512, 'Per Day', 'Terminated'),
(137, 15, 13, 95109686, 1.18, 238529652, 'Revenue Share', 'Completed'),
(138, 24, 13, 138259743, 1.59, 434935259, 'Hybrid', 'Completed'),
(139, 3, 13, 21785091, 3.9, 45097508, 'Revenue Share', 'Terminated'),
(140, 35, 13, 20490246, 2.33, 88435405, 'Per Day', 'Completed'),
(141, 12, 14, 70925771, 0.45, 253757308, 'Fixed Fee', 'Terminated'),
(142, 25, 14, 184585079, 1.08, 448662972, 'Fixed Fee', 'Completed'),
(143, 7, 14, 22308165, 1.98, 53969554, 'Hybrid', 'Active'),
(144, 15, 14, 46000288, 0.16, 165438887, 'Revenue Share', 'Completed'),
(145, 30, 14, 128802101, 0.47, 303475400, 'Revenue Share', 'Active'),
(146, 1, 2, 19503968, 1.86, 75177210, 'Per Day', 'Terminated'),
(147, 2, 2, 18779192, 4.59, 50118323, 'Hybrid', 'Active'),
(148, 29, 2, 10272686, 4.05, 39613160, 'Per Day', 'Active'),
(149, 2, 13, 45427721, 4.11, 95188516, 'Per Day', 'Completed'),
(150, 15, 13, 6557104, 0.86, 20828185, 'Per Day', 'Active'),
(151, 26, 13, 43340178, 0.17, 152629714, 'Revenue Share', 'Terminated'),
(152, 21, 13, 105139138, 0.3, 226186628, 'Per Day', 'Completed'),
(153, 10, 13, 25630975, 3.15, 78678025, 'Revenue Share', 'Terminated'),
(154, 33, 13, 91413703, 2.4, 210352092, 'Hybrid', 'Completed'),
(155, 17, 2, 5615369, 0.15, 18992450, 'Revenue Share', 'Completed'),
(156, 11, 2, 218455685, 3.83, 439142745, 'Hybrid', 'Active'),
(157, 13, 2, 16121008, 1.33, 58759213, 'Revenue Share', 'Terminated'),
(158, 9, 2, 207148632, 2.88, 415196070, 'Revenue Share', 'Completed'),
(159, 28, 2, 226621073, 0.88, 455554015, 'Revenue Share', 'Terminated'),
(160, 23, 2, 114325165, 4.18, 309755507, 'Revenue Share', 'Completed'),
(161, 12, 2, 43186254, 0.45, 170921606, 'Fixed Fee', 'Active'),
(162, 19, 2, 25226618, 0.0, 122472157, 'Per Day', 'Terminated'),
(163, 1, 2, 104736063, 4.59, 437957086, 'Revenue Share', 'Completed'),
(164, 31, 2, 4095770, 3.87, 16764398, 'Revenue Share', 'Terminated'),
(165, 12, 1, 73610488, 1.61, 319615302, 'Hybrid', 'Active'),
(166, 23, 1, 168511235, 3.25, 430117216, 'Per Day', 'Active'),
(167, 32, 1, 125158275, 1.12, 306709271, 'Hybrid', 'Terminated'),
(168, 10, 4, 18585444, 4.74, 73369635, 'Fixed Fee', 'Terminated'),
(169, 24, 4, 230081408, 0.91, 461746664, 'Fixed Fee', 'Completed'),
(170, 23, 4, 48435058, 4.68, 123592234, 'Fixed Fee', 'Active'),
(171, 30, 4, 90487712, 4.91, 405153155, 'Hybrid', 'Active'),
(172, 23, 2, 49793358, 1.25, 244782620, 'Revenue Share', 'Active'),
(173, 22, 2, 62272528, 0.24, 142792183, 'Fixed Fee', 'Completed'),
(174, 31, 2, 43885032, 4.41, 94302270, 'Per Day', 'Completed'),
(175, 4, 3, 30964717, 1.47, 92325549, 'Fixed Fee', 'Completed'),
(176, 16, 3, 13607616, 4.44, 61223832, 'Revenue Share', 'Active'),
(177, 19, 3, 144134487, 1.69, 298693223, 'Fixed Fee', 'Terminated'),
(178, 29, 3, 80208850, 3.04, 383228054, 'Revenue Share', 'Completed'),
(179, 4, 7, 34536922, 3.3, 106997021, 'Hybrid', 'Completed'),
(180, 11, 7, 12140132, 0.77, 56494471, 'Per Day', 'Completed'),
(181, 29, 7, 53080314, 1.0, 234569202, 'Per Day', 'Active'),
(182, 21, 11, 117472466, 3.92, 259246307, 'Hybrid', 'Completed'),
(183, 10, 11, 193354071, 3.21, 485433690, 'Fixed Fee', 'Completed'),
(184, 27, 11, 95080684, 0.93, 204190125, 'Hybrid', 'Active'),
(185, 15, 4, 67279654, 0.43, 307927581, 'Fixed Fee', 'Completed'),
(186, 9, 4, 111631479, 2.77, 227257388, 'Revenue Share', 'Completed'),
(187, 8, 4, 112506566, 2.86, 229751383, 'Per Day', 'Active'),
(188, 30, 4, 37007816, 2.51, 165445004, 'Fixed Fee', 'Terminated'),
(189, 20, 3, 47412099, 4.86, 97813690, 'Revenue Share', 'Active'),
(190, 5, 3, 9127391, 1.01, 27911448, 'Per Day', 'Terminated'),
(191, 4, 3, 171394448, 4.55, 452808387, 'Hybrid', 'Active'),
(192, 25, 3, 78283446, 4.28, 213359147, 'Hybrid', 'Terminated'),
(193, 33, 3, 229817501, 0.56, 497397549, 'Per Day', 'Active'),
(194, 19, 13, 144765110, 1.32, 477519300, 'Per Day', 'Terminated'),
(195, 25, 13, 119438135, 0.86, 312102636, 'Fixed Fee', 'Completed'),
(196, 4, 13, 128903476, 0.19, 336917483, 'Per Day', 'Completed'),
(197, 10, 13, 28469929, 4.6, 132549415, 'Per Day', 'Completed'),
(198, 34, 13, 82983977, 1.55, 186390469, 'Hybrid', 'Completed'),
(199, 4, 13, 188302092, 3.64, 420554673, 'Hybrid', 'Terminated'),
(200, 8, 13, 13571644, 4.57, 52935515, 'Revenue Share', 'Completed'),
(201, 5, 13, 146505737, 4.11, 412749856, 'Hybrid', 'Terminated'),
(202, 10, 13, 11800311, 0.68, 40227840, 'Per Day', 'Terminated'),
(203, 33, 13, 5178928, 4.18, 20541424, 'Revenue Share', 'Active'),
(204, 2, 13, 47224963, 2.53, 152090549, 'Per Day', 'Terminated'),
(205, 12, 13, 77539497, 2.44, 370702701, 'Hybrid', 'Completed'),
(206, 23, 13, 161715823, 1.72, 472335805, 'Hybrid', 'Completed'),
(207, 29, 13, 15283585, 0.25, 53528795, 'Per Day', 'Terminated'),
(208, 21, 1, 59109116, 4.32, 149463145, 'Fixed Fee', 'Terminated'),
(209, 8, 1, 122875205, 3.01, 259528997, 'Revenue Share', 'Active'),
(210, 29, 1, 53742110, 3.56, 140501086, 'Hybrid', 'Terminated'),
(211, 14, 2, 37241971, 3.39, 140290779, 'Hybrid', 'Terminated'),
(212, 13, 2, 73543780, 2.81, 318794154, 'Hybrid', 'Terminated'),
(213, 12, 2, 45389013, 2.41, 156760995, 'Fixed Fee', 'Completed'),
(214, 33, 2, 103817062, 1.31, 348916687, 'Hybrid', 'Terminated'),
(215, 7, 10, 105915242, 3.3, 488015804, 'Per Day', 'Terminated'),
(216, 5, 10, 81442535, 4.99, 392235968, 'Per Day', 'Completed'),
(217, 17, 10, 70327905, 2.92, 222217377, 'Fixed Fee', 'Terminated'),
(218, 29, 10, 79094187, 3.43, 189236406, 'Revenue Share', 'Terminated'),
(219, 12, 13, 29460838, 0.64, 102246573, 'Per Day', 'Completed'),
(220, 17, 13, 196426865, 3.27, 414588597, 'Hybrid', 'Active'),
(221, 10, 13, 52864812, 2.1, 124898267, 'Hybrid', 'Completed'),
(222, 6, 13, 54429751, 4.26, 144886672, 'Per Day', 'Completed'),
(223, 34, 13, 183505131, 2.36, 470141399, 'Fixed Fee', 'Active'),
(224, 22, 2, 53506639, 0.69, 165178525, 'Revenue Share', 'Active'),
(225, 13, 2, 111478248, 0.72, 224683197, 'Per Day', 'Terminated'),
(226, 34, 2, 94897774, 3.16, 423190863, 'Hybrid', 'Active'),
(227, 2, 13, 178728142, 2.45, 413662531, 'Revenue Share', 'Active'),
(228, 1, 13, 110553764, 2.02, 334896299, 'Per Day', 'Completed'),
(229, 15, 13, 1586303, 3.65, 7506727, 'Revenue Share', 'Active'),
(230, 9, 13, 185085373, 0.09, 411329532, 'Revenue Share', 'Active'),
(231, 29, 13, 109542997, 1.56, 398850243, 'Hybrid', 'Active'),
(232, 19, 4, 79995507, 3.64, 165096113, 'Per Day', 'Terminated'),
(233, 10, 4, 61521932, 1.71, 186373864, 'Revenue Share', 'Completed'),
(234, 6, 4, 104590297, 0.1, 407715238, 'Per Day', 'Active'),
(235, 3, 4, 49746791, 0.62, 118381891, 'Revenue Share', 'Terminated'),
(236, 26, 4, 90876915, 3.86, 430270031, 'Hybrid', 'Terminated'),
(237, 2, 2, 12572352, 2.22, 30895999, 'Per Day', 'Active'),
(238, 22, 2, 48160106, 1.03, 140687839, 'Revenue Share', 'Terminated'),
(239, 4, 2, 2901997, 3.31, 9995343, 'Fixed Fee', 'Completed'),
(240, 21, 2, 135432397, 4.15, 330147457, 'Per Day', 'Active'),
(241, 26, 2, 150611534, 0.57, 390884676, 'Hybrid', 'Active'),
(242, 20, 4, 161127133, 1.79, 451407530, 'Revenue Share', 'Completed'),
(243, 7, 4, 19296941, 4.55, 91099921, 'Per Day', 'Terminated'),
(244, 30, 4, 49336856, 3.36, 182491466, 'Fixed Fee', 'Active'),
(245, 16, 13, 18889559, 4.52, 45291201, 'Fixed Fee', 'Terminated'),
(246, 5, 13, 124257433, 1.32, 250216449, 'Hybrid', 'Active'),
(247, 3, 13, 111457387, 4.26, 441571839, 'Fixed Fee', 'Completed'),
(248, 25, 13, 56670912, 0.47, 172883348, 'Fixed Fee', 'Active'),
(249, 34, 13, 111681297, 1.64, 462413333, 'Revenue Share', 'Completed'),
(250, 24, 13, 24158917, 4.81, 103177274, 'Per Day', 'Completed'),
(251, 3, 13, 170877419, 3.24, 375388547, 'Per Day', 'Active'),
(252, 12, 13, 31130570, 4.91, 76141610, 'Fixed Fee', 'Active'),
(253, 31, 13, 108095092, 4.01, 228353176, 'Per Day', 'Terminated'),
(254, 20, 2, 69524758, 2.42, 333220552, 'Revenue Share', 'Completed'),
(255, 13, 2, 155717567, 0.32, 481523363, 'Fixed Fee', 'Terminated'),
(256, 31, 2, 4786639, 4.89, 11635836, 'Revenue Share', 'Terminated'),
(257, 17, 1, 150584835, 1.73, 360254603, 'Per Day', 'Terminated'),
(258, 23, 1, 51763692, 0.06, 211629060, 'Fixed Fee', 'Active'),
(259, 20, 1, 157007409, 4.35, 460720497, 'Per Day', 'Active'),
(260, 4, 1, 48229192, 0.25, 177138971, 'Hybrid', 'Active'),
(261, 32, 1, 109875595, 0.39, 350378353, 'Revenue Share', 'Completed'),
(262, 3, 11, 33966574, 0.51, 68730252, 'Fixed Fee', 'Completed'),
(263, 16, 11, 110916993, 3.96, 304107432, 'Fixed Fee', 'Terminated'),
(264, 15, 11, 78709015, 3.27, 168529783, 'Revenue Share', 'Completed'),
(265, 31, 11, 89549098, 4.22, 200068005, 'Revenue Share', 'Completed'),
(266, 20, 3, 130729105, 3.8, 389353134, 'Fixed Fee', 'Active'),
(267, 16, 3, 57710982, 2.74, 188264707, 'Hybrid', 'Completed'),
(268, 23, 3, 13268852, 2.46, 62081315, 'Revenue Share', 'Terminated'),
(269, 22, 3, 17247071, 0.94, 62424522, 'Revenue Share', 'Completed'),
(270, 31, 3, 112009190, 3.58, 250374704, 'Revenue Share', 'Active'),
(271, 21, 1, 30712646, 2.29, 71152798, 'Per Day', 'Terminated'),
(272, 22, 1, 37803063, 2.65, 77282156, 'Fixed Fee', 'Active'),
(273, 35, 1, 107203908, 4.62, 237363302, 'Per Day', 'Active'),
(274, 6, 2, 136100289, 2.52, 358004332, 'Hybrid', 'Completed'),
(275, 24, 2, 157601394, 1.37, 331950997, 'Revenue Share', 'Completed'),
(276, 5, 2, 109529717, 2.06, 248119684, 'Revenue Share', 'Terminated'),
(277, 4, 2, 74948575, 3.56, 165477766, 'Hybrid', 'Terminated'),
(278, 32, 2, 31670529, 3.43, 121684897, 'Hybrid', 'Terminated'),
(279, 21, 2, 90650202, 2.81, 386367718, 'Hybrid', 'Terminated'),
(280, 6, 2, 150005699, 4.39, 363177312, 'Hybrid', 'Completed'),
(281, 17, 2, 66251325, 0.73, 285638525, 'Per Day', 'Terminated'),
(282, 18, 2, 31460601, 4.92, 112321793, 'Revenue Share', 'Terminated'),
(283, 31, 2, 37777634, 1.02, 83613143, 'Hybrid', 'Terminated'),
(284, 15, 2, 125442438, 1.19, 469308238, 'Per Day', 'Terminated'),
(285, 4, 2, 150561100, 1.94, 377017222, 'Per Day', 'Terminated'),
(286, 20, 2, 65149038, 1.02, 301419638, 'Hybrid', 'Completed'),
(287, 34, 2, 192864205, 3.78, 494350520, 'Hybrid', 'Terminated'),
(288, 25, 4, 54525452, 0.93, 162935461, 'Fixed Fee', 'Active'),
(289, 24, 4, 21632301, 1.4, 69077589, 'Per Day', 'Completed'),
(290, 29, 4, 34292154, 0.03, 91398018, 'Hybrid', 'Completed'),
(291, 2, 4, 70054773, 2.45, 325447690, 'Hybrid', 'Terminated'),
(292, 5, 4, 43761775, 2.63, 197245737, 'Hybrid', 'Active'),
(293, 31, 4, 18133358, 2.08, 41601962, 'Revenue Share', 'Terminated'),
(294, 12, 13, 108180426, 1.47, 361124987, 'Hybrid', 'Terminated'),
(295, 8, 13, 129705793, 0.57, 259937010, 'Fixed Fee', 'Completed'),
(296, 29, 13, 63177623, 4.79, 134035782, 'Revenue Share', 'Terminated'),
(297, 4, 13, 112139647, 2.57, 393681446, 'Hybrid', 'Terminated'),
(298, 13, 13, 56774241, 1.6, 266351288, 'Revenue Share', 'Active'),
(299, 9, 13, 46627232, 3.13, 94869401, 'Fixed Fee', 'Active'),
(300, 34, 13, 148187794, 4.18, 342968013, 'Per Day', 'Active'),
(301, 24, 9, 164753592, 2.3, 405983956, 'Fixed Fee', 'Completed'),
(302, 25, 9, 11539878, 3.97, 51987427, 'Revenue Share', 'Terminated'),
(303, 14, 9, 140053900, 2.04, 313680528, 'Hybrid', 'Completed'),
(304, 21, 9, 73284459, 1.95, 222136378, 'Fixed Fee', 'Active'),
(305, 27, 9, 3204934, 3.78, 8166960, 'Fixed Fee', 'Terminated'),
(306, 3, 13, 173447451, 1.41, 427459370, 'Fixed Fee', 'Completed'),
(307, 12, 13, 96975912, 2.37, 217124814, 'Fixed Fee', 'Terminated'),
(308, 17, 13, 33167003, 4.8, 78219236, 'Hybrid', 'Active'),
(309, 4, 13, 171809864, 4.79, 368616786, 'Hybrid', 'Active'),
(310, 30, 13, 173964361, 0.21, 474636919, 'Fixed Fee', 'Terminated'),
(311, 18, 1, 171818268, 1.06, 406738669, 'Hybrid', 'Terminated'),
(312, 3, 1, 20230370, 3.08, 81480008, 'Revenue Share', 'Completed'),
(313, 10, 1, 16927634, 4.26, 66537510, 'Fixed Fee', 'Terminated'),
(314, 29, 1, 128118725, 3.36, 351106994, 'Hybrid', 'Completed'),
(315, 24, 13, 56091484, 0.5, 182624240, 'Revenue Share', 'Terminated'),
(316, 19, 13, 125992055, 2.25, 488247490, 'Per Day', 'Terminated'),
(317, 33, 13, 69002509, 2.83, 169108279, 'Revenue Share', 'Completed'),
(318, 6, 2, 113723635, 1.38, 426798063, 'Per Day', 'Completed'),
(319, 1, 2, 155295664, 2.31, 369846828, 'Per Day', 'Completed'),
(320, 11, 2, 97384514, 3.23, 266440771, 'Revenue Share', 'Active'),
(321, 29, 2, 208745058, 1.32, 466018381, 'Revenue Share', 'Terminated'),
(322, 3, 13, 165290512, 3.85, 441284064, 'Per Day', 'Active'),
(323, 1, 13, 83771146, 3.27, 301134775, 'Per Day', 'Active'),
(324, 17, 13, 57595765, 0.67, 215720946, 'Hybrid', 'Terminated'),
(325, 21, 13, 17105352, 3.31, 53615821, 'Fixed Fee', 'Terminated'),
(326, 26, 13, 40168835, 2.23, 94036577, 'Revenue Share', 'Active'),
(327, 22, 13, 7092802, 1.16, 26700231, 'Per Day', 'Completed'),
(328, 5, 13, 27805284, 2.59, 130637819, 'Revenue Share', 'Completed'),
(329, 24, 13, 122243650, 0.2, 257154429, 'Fixed Fee', 'Terminated'),
(330, 16, 13, 24839309, 4.17, 60418507, 'Hybrid', 'Completed'),
(331, 31, 13, 110292440, 3.27, 297245712, 'Per Day', 'Completed'),
(332, 3, 12, 90806641, 2.43, 282224991, 'Hybrid', 'Completed'),
(333, 17, 12, 2994443, 2.2, 8542104, 'Revenue Share', 'Active'),
(334, 9, 12, 110540322, 0.75, 281242240, 'Revenue Share', 'Active'),
(335, 13, 12, 136268603, 3.31, 328207174, 'Fixed Fee', 'Completed'),
(336, 29, 12, 91654759, 2.4, 391684312, 'Per Day', 'Terminated'),
(337, 14, 1, 118179228, 3.15, 312888227, 'Revenue Share', 'Active'),
(338, 1, 1, 18175946, 4.61, 83847600, 'Hybrid', 'Terminated'),
(339, 8, 1, 160373666, 4.39, 326777617, 'Fixed Fee', 'Terminated'),
(340, 2, 1, 127107375, 1.08, 445933856, 'Fixed Fee', 'Terminated'),
(341, 28, 1, 162132083, 4.15, 470629430, 'Revenue Share', 'Terminated'),
(342, 25, 2, 36799898, 4.61, 147013469, 'Hybrid', 'Terminated'),
(343, 6, 2, 11284828, 0.66, 41959751, 'Per Day', 'Active'),
(344, 20, 2, 130782872, 4.13, 285628515, 'Per Day', 'Terminated'),
(345, 22, 2, 34362728, 4.39, 100252809, 'Fixed Fee', 'Terminated'),
(346, 34, 2, 96203414, 3.3, 408932631, 'Per Day', 'Terminated'),
(347, 25, 13, 93056676, 3.49, 285270361, 'Fixed Fee', 'Completed'),
(348, 22, 13, 150169259, 1.75, 435731637, 'Per Day', 'Terminated'),
(349, 32, 13, 72074303, 1.27, 314302511, 'Revenue Share', 'Active'),
(350, 20, 13, 21470693, 2.89, 106479887, 'Fixed Fee', 'Active'),
(351, 18, 13, 2769541, 3.44, 8862278, 'Revenue Share', 'Completed'),
(352, 14, 13, 46277175, 3.26, 199492112, 'Per Day', 'Completed'),
(353, 30, 13, 167430218, 3.06, 464012243, 'Hybrid', 'Terminated'),
(354, 14, 13, 66960401, 1.27, 264022905, 'Per Day', 'Completed'),
(355, 18, 13, 82075002, 3.68, 189874883, 'Per Day', 'Terminated'),
(356, 34, 13, 109315148, 0.5, 406479688, 'Revenue Share', 'Terminated'),
(357, 18, 1, 28916144, 4.02, 91295563, 'Fixed Fee', 'Active'),
(358, 20, 1, 108194606, 1.32, 327254317, 'Fixed Fee', 'Completed'),
(359, 23, 1, 70154066, 4.65, 331969880, 'Per Day', 'Completed'),
(360, 26, 1, 127299954, 4.73, 357281394, 'Fixed Fee', 'Active'),
(361, 15, 2, 40972749, 3.08, 158548577, 'Revenue Share', 'Terminated'),
(362, 1, 2, 53848245, 4.88, 198133942, 'Fixed Fee', 'Active'),
(363, 7, 2, 135474816, 2.03, 423583688, 'Per Day', 'Active'),
(364, 34, 2, 5579210, 4.6, 13249838, 'Fixed Fee', 'Terminated'),
(365, 18, 2, 161606121, 4.65, 330538874, 'Per Day', 'Terminated'),
(366, 19, 2, 36659724, 2.79, 145181026, 'Fixed Fee', 'Terminated'),
(367, 12, 2, 90778236, 4.38, 187517799, 'Hybrid', 'Terminated'),
(368, 9, 2, 125707257, 2.82, 377691417, 'Per Day', 'Active'),
(369, 29, 2, 142286415, 4.48, 421396438, 'Per Day', 'Active'),
(370, 9, 13, 150710852, 3.38, 345194584, 'Revenue Share', 'Active'),
(371, 3, 13, 110183362, 3.5, 226419504, 'Fixed Fee', 'Completed'),
(372, 32, 13, 36290658, 0.38, 159237420, 'Hybrid', 'Active'),
(373, 12, 15, 49929687, 2.49, 103131653, 'Revenue Share', 'Active'),
(374, 7, 15, 109000566, 1.03, 399830473, 'Hybrid', 'Active'),
(375, 19, 15, 175054354, 3.89, 454003777, 'Revenue Share', 'Active'),
(376, 30, 15, 179032348, 3.07, 367823870, 'Per Day', 'Terminated'),
(377, 12, 13, 241448093, 2.45, 487175145, 'Hybrid', 'Terminated'),
(378, 20, 13, 58287491, 0.27, 218609928, 'Revenue Share', 'Completed'),
(379, 11, 13, 61949461, 1.97, 295322582, 'Hybrid', 'Terminated'),
(380, 33, 13, 123462456, 1.58, 250455251, 'Per Day', 'Active'),
(381, 7, 10, 76434196, 0.94, 199133768, 'Hybrid', 'Completed'),
(382, 13, 10, 51086763, 1.83, 149637443, 'Hybrid', 'Completed'),
(383, 19, 10, 38445259, 1.83, 118028764, 'Hybrid', 'Completed'),
(384, 4, 10, 62725547, 4.9, 246983286, 'Revenue Share', 'Terminated'),
(385, 31, 10, 101669239, 4.02, 442115287, 'Hybrid', 'Terminated'),
(386, 7, 13, 114370826, 2.11, 258932975, 'Revenue Share', 'Active'),
(387, 5, 13, 101778799, 3.93, 282566007, 'Hybrid', 'Completed'),
(388, 24, 13, 140374591, 1.99, 306795780, 'Fixed Fee', 'Terminated'),
(389, 28, 13, 9853026, 2.38, 37231784, 'Hybrid', 'Terminated'),
(390, 24, 9, 73046067, 1.72, 198438123, 'Hybrid', 'Completed'),
(391, 11, 9, 89046267, 2.88, 193490269, 'Revenue Share', 'Terminated'),
(392, 9, 9, 74212454, 1.78, 294071837, 'Hybrid', 'Terminated'),
(393, 31, 9, 115336468, 4.45, 266721211, 'Per Day', 'Completed'),
(394, 15, 13, 154327786, 2.11, 348909118, 'Hybrid', 'Terminated'),
(395, 21, 13, 101078055, 0.4, 222310696, 'Fixed Fee', 'Completed'),
(396, 5, 13, 51134322, 3.55, 173299400, 'Hybrid', 'Terminated'),
(397, 28, 13, 61145044, 3.9, 217308462, 'Per Day', 'Completed'),
(398, 15, 9, 106997958, 4.7, 395719840, 'Hybrid', 'Terminated'),
(399, 14, 9, 29521061, 0.48, 118049708, 'Fixed Fee', 'Completed'),
(400, 6, 9, 7047572, 2.62, 33897312, 'Per Day', 'Active'),
(401, 1, 9, 56235483, 3.27, 145902987, 'Fixed Fee', 'Completed'),
(402, 28, 9, 35136920, 2.22, 128134543, 'Hybrid', 'Active'),
(403, 6, 1, 221585520, 2.34, 466906990, 'Per Day', 'Terminated'),
(404, 1, 1, 99868650, 2.95, 299498001, 'Revenue Share', 'Completed'),
(405, 2, 1, 159064329, 2.62, 407068855, 'Per Day', 'Terminated'),
(406, 22, 1, 80945056, 2.7, 171248158, 'Per Day', 'Active'),
(407, 31, 1, 52743370, 0.78, 170285473, 'Hybrid', 'Active'),
(408, 25, 2, 59185080, 4.73, 292279028, 'Per Day', 'Completed'),
(409, 5, 2, 4255931, 2.99, 9903025, 'Hybrid', 'Active'),
(410, 12, 2, 52750680, 1.97, 205598530, 'Per Day', 'Active'),
(411, 10, 2, 96088652, 1.31, 214231085, 'Revenue Share', 'Completed'),
(412, 33, 2, 47430618, 1.42, 133613768, 'Hybrid', 'Terminated'),
(413, 14, 8, 22476785, 3.09, 78349471, 'Per Day', 'Completed'),
(414, 7, 8, 117953618, 0.1, 339338390, 'Hybrid', 'Active'),
(415, 3, 8, 4317953, 1.41, 16881429, 'Fixed Fee', 'Active'),
(416, 28, 8, 80045604, 0.75, 395362639, 'Fixed Fee', 'Completed'),
(417, 14, 5, 103881356, 1.65, 253938702, 'Fixed Fee', 'Active'),
(418, 10, 5, 64072746, 2.72, 148078017, 'Fixed Fee', 'Active'),
(419, 16, 5, 219839746, 4.14, 485874727, 'Per Day', 'Active'),
(420, 31, 5, 91271688, 1.24, 211586796, 'Per Day', 'Active'),
(421, 24, 13, 179334903, 1.95, 362560256, 'Per Day', 'Completed'),
(422, 25, 13, 35047250, 3.72, 90153866, 'Fixed Fee', 'Terminated'),
(423, 4, 13, 19478050, 0.99, 70574225, 'Hybrid', 'Active'),
(424, 34, 13, 59984526, 3.16, 121924175, 'Revenue Share', 'Completed'),
(425, 9, 13, 94990742, 4.84, 217497963, 'Fixed Fee', 'Terminated'),
(426, 19, 13, 105760347, 1.86, 260159002, 'Revenue Share', 'Active'),
(427, 27, 13, 31380126, 4.65, 89663713, 'Hybrid', 'Terminated'),
(428, 12, 9, 137693822, 0.63, 381522678, 'Fixed Fee', 'Active'),
(429, 21, 9, 133049550, 4.03, 304762108, 'Hybrid', 'Completed'),
(430, 28, 9, 6697026, 3.62, 16463713, 'Hybrid', 'Completed'),
(431, 23, 7, 121251654, 2.83, 296378136, 'Revenue Share', 'Terminated'),
(432, 15, 7, 75035508, 4.34, 178774847, 'Hybrid', 'Terminated'),
(433, 18, 7, 20098803, 2.25, 91083714, 'Revenue Share', 'Completed'),
(434, 30, 7, 67948163, 3.67, 202092132, 'Per Day', 'Active'),
(435, 25, 6, 85867789, 0.95, 392085841, 'Per Day', 'Terminated'),
(436, 20, 6, 152059858, 1.61, 416100362, 'Hybrid', 'Terminated'),
(437, 8, 6, 14717923, 0.22, 64304980, 'Fixed Fee', 'Active'),
(438, 31, 6, 99237258, 2.43, 473952866, 'Fixed Fee', 'Active'),
(439, 21, 9, 139530584, 0.25, 339991603, 'Hybrid', 'Active'),
(440, 13, 9, 86378591, 3.28, 390390205, 'Revenue Share', 'Active'),
(441, 22, 9, 170395985, 2.79, 435044308, 'Hybrid', 'Completed'),
(442, 16, 9, 177969417, 2.65, 431409495, 'Hybrid', 'Terminated'),
(443, 34, 9, 131899295, 4.8, 452995423, 'Revenue Share', 'Active');

-- =========================
-- 5. BOX OFFICE
-- =========================

-- Box Office Summary
INSERT INTO BOX_OFFICE (box_office_id, net_collection, satellite_collection, ott_collection, overseas_collection, movie_id) VALUES
(1, 1967230404, 294728529, 422235712, 214476451, 1),
(2, 3680756728, 838232995, 550240300, 785203530, 2),
(3, 723934812, 600323009, 361825971, 252462789, 3),
(4, 5571790788, 294476215, 98534974, 1130774803, 4),
(5, 1138746920, 663528755, 359473175, 113575242, 5),
(6, 6103861126, 540350614, 208955953, 470238104, 6),
(7, 3410944985, 418525494, 440527130, 691808689, 7),
(8, 1390640419, 189628753, 57357036, 313574583, 8),
(9, 3670886544, 251923944, 397269118, 562085279, 9),
(10, 4467683188, 541320757, 295674292, 1733753719, 10),
(11, 6625580297, 1211983371, 298544771, 2242705132, 11),
(12, 876319196, 90319972, 48873379, 96133890, 12),
(13, 3993684386, 432059630, 274673703, 1579816396, 13),
(14, 404357947, 217817074, 45553260, 132301595, 14),
(15, 676070899, 92410239, 45756241, 202455484, 15),
(16, 2843500022, 359363964, 139717124, 1069398741, 16),
(17, 3394626931, 640801147, 118796382, 1397037026, 17),
(18, 141954868, 196040422, 93296271, 47345035, 18),
(19, 747016960, 264192985, 121702611, 243152436, 19),
(20, 1086210223, 336976392, 120178828, 189148479, 20),
(21, 6707638431, 668070312, 315674529, 1093285364, 21),
(22, 2946877019, 196535131, 80701908, 267267401, 22),
(23, 3996249753, 574426111, 148801413, 1108907872, 23),
(24, 375199303, 121352529, 76698004, 153954520, 24),
(25, 2564063070, 315097132, 128113048, 743507610, 25),
(26, 11270735862, 880344128, 177247540, 4249847934, 26),
(27, 2233081874, 237987762, 100828028, 394211846, 27),
(28, 2763412382, 355687595, 178316186, 432985931, 28),
(29, 1178602465, 69013781, 56572041, 179716427, 29),
(30, 2205838264, 267903829, 85720094, 837246690, 30),
(31, 1011184633, 79475081, 37910806, 174439515, 31),
(32, 2148973911, 355696664, 217987118, 213188885, 32),
(33, 2716730819, 167643591, 183386933, 459469724, 33),
(34, 1510975555, 563860530, 316054178, 599034946, 34),
(35, 822265541, 87851431, 73397045, 195625450, 35),
(36, 790176643, 105872554, 46728837, 219870966, 36),
(37, 301630722, 59440678, 12087562, 32993236, 37),
(38, 1230790868, 250980418, 164251194, 481343813, 38),
(39, 1473590552, 173019078, 56638445, 353148388, 39),
(40, 689353387, 230473788, 65391948, 227247256, 40),
(41, 2771928571, 338743018, 121204586, 551520362, 41),
(42, 3572027205, 806997014, 249930524, 426802427, 42),
(43, 4035326598, 400482432, 73748287, 552942372, 43),
(44, 664914806, 129242250, 61990898, 99182186, 44),
(45, 3761305124, 554343418, 137873730, 1074837407, 45),
(46, 755716866, 55641086, 52655319, 167611551, 46),
(47, 3112365415, 316807738, 115386227, 228143027, 47),
(48, 6771809744, 201136748, 281057860, 1942618125, 48),
(49, 4821596751, 360710647, 179016503, 1357228276, 49),
(50, 600558304, 212376473, 163249028, 229642146, 50),
(51, 177805934, 99787308, 46716799, 69895008, 51),
(52, 1794106596, 87890131, 56621289, 738734971, 52),
(53, 11076175492, 694142055, 692670807, 1254550554, 53),
(54, 1704377959, 119140618, 60112692, 571748841, 54),
(55, 3001895630, 225598248, 74308725, 709408001, 55),
(56, 1537085818, 68839395, 40725767, 158054613, 56),
(57, 2146070867, 127313067, 64754950, 426528276, 57),
(58, 274219673, 244533202, 114678321, 61856370, 58),
(59, 607175488, 42823016, 17069312, 202047851, 59),
(60, 1506647485, 112428957, 30140790, 470717971, 60),
(61, 659211778, 31830087, 54299914, 156882148, 61),
(62, 1820603895, 228902574, 49008006, 481005683, 62),
(63, 307949033, 130247725, 18886173, 95940078, 63),
(64, 1167022301, 111499961, 107592467, 335100362, 64),
(65, 2201777412, 184572328, 63061223, 274691587, 65),
(66, 717060362, 103780591, 64288050, 125170033, 66),
(67, 1446190079, 93765935, 120542066, 489056140, 67),
(68, 454819246, 73387215, 26080646, 64637099, 68),
(69, 522600074, 128524850, 135854605, 88728659, 69),
(70, 612609851, 239753191, 48016050, 186085065, 70),
(71, 3399364381, 238499229, 84198908, 1051252019, 71),
(72, 9429807979, 620516453, 260336196, 1342592266, 72),
(73, 1407226472, 111415029, 68117538, 286806887, 73),
(74, 3001256946, 187258347, 169329916, 989830398, 74),
(75, 9093786995, 309144928, 198613219, 1446602116, 75),
(76, 1862326406, 296480214, 80514350, 520013581, 76),
(77, 604551548, 65451461, 110009719, 167448352, 77),
(78, 678337612, 59833161, 25257221, 139407575, 78),
(79, 732717677, 47864800, 41103790, 105615958, 79),
(80, 631823182, 31390046, 14780272, 197975125, 80),
(81, 724360810, 119864485, 90758080, 55049239, 81),
(82, 546289160, 40371557, 46995385, 40857749, 82),
(83, 1705496809, 148371650, 138612704, 158519800, 83),
(84, 1261135300, 65106989, 82786389, 305342834, 84),
(85, 2066114500, 268877278, 121233889, 478740595, 85),
(86, 2501459915, 296677291, 195808529, 381573081, 86),
(87, 483683849, 81531324, 46523441, 69797837, 87),
(88, 329567355, 52994536, 21726421, 103996192, 88),
(89, 1543636774, 212956636, 119383515, 563511543, 89),
(90, 1804855284, 148020554, 73182308, 545856129, 90),
(91, 1996177039, 172731403, 67571967, 662071565, 91),
(92, 794913481, 86299183, 104736870, 122965110, 92),
(93, 970740973, 194677815, 98343303, 104200604, 93),
(94, 1082842852, 251336176, 72108075, 357487826, 94),
(95, 134656641, 54562721, 56822668, 45369496, 95),
(96, 375405241, 73355597, 14025998, 91552752, 96),
(97, 152640288, 151160170, 39487096, 24872695, 97),
(98, 1879808068, 51024518, 53768079, 731461220, 98),
(99, 714090130, 96144780, 99392177, 159299644, 99),
(100, 469544303, 106422120, 89246562, 106865283, 100),
(101, 1073528261, 103060798, 51690387, 361477434, 101),
(102, 421198823, 152044285, 78768847, 90459714, 102),
(103, 1574934200, 74571796, 61718008, 263942053, 103),
(104, 1551311931, 83757245, 34648739, 349722944, 104),
(105, 423492098, 46709197, 21741966, 36906089, 105),
(106, 582356367, 43002210, 28415537, 235372826, 106),
(107, 14938995236, 1422384810, 952178447, 4359713866, 109),
(108, 1693051379, 392891914, 244736784, 361892408, 110);

-- Day-wise Entries
INSERT INTO DAY_ENTRY (box_office_id, date, collection) VALUES
(1, '2023-01-25', 360356437),
(1, '2023-01-26', 313746713),
(1, '2023-01-27', 270431000),
(1, '2023-01-28', 203225371),
(1, '2023-01-29', 182832854),
(1, '2023-01-30', 149311753),
(1, '2023-01-31', 133448126),
(2, '2023-09-07', 710481468),
(2, '2023-09-08', 541193590),
(2, '2023-09-09', 350904274),
(2, '2023-09-10', 347468973),
(2, '2023-09-11', 370576628),
(2, '2023-09-12', 346833256),
(2, '2023-09-13', 268872568),
(3, '2023-12-21', 111155032),
(3, '2023-12-22', 102977823),
(3, '2023-12-23', 83200700),
(3, '2023-12-24', 69850031),
(3, '2023-12-25', 81678801),
(3, '2023-12-26', 58089193),
(3, '2023-12-27', 57524608),
(4, '2023-12-01', 849858636),
(4, '2023-12-02', 758805565),
(4, '2023-12-03', 654316767),
(4, '2023-12-04', 628321062),
(4, '2023-12-05', 503522551),
(4, '2023-12-06', 506665837),
(4, '2023-12-07', 320415538),
(5, '2023-12-22', 227073681),
(5, '2023-12-23', 128685437),
(5, '2023-12-24', 153763924),
(5, '2023-12-25', 118739349),
(5, '2023-12-26', 88064699),
(5, '2023-12-27', 94470850),
(5, '2023-12-28', 84325164),
(6, '2023-11-12', 985822034),
(6, '2023-11-13', 992995068),
(6, '2023-11-14', 713709917),
(6, '2023-11-15', 524496168),
(6, '2023-11-16', 604359180),
(6, '2023-11-17', 562853439),
(6, '2023-11-18', 467015662),
(7, '2024-04-10', 508863501),
(7, '2024-04-11', 567657151),
(7, '2024-04-12', 424997274),
(7, '2024-04-13', 311170320),
(7, '2024-04-14', 376587981),
(7, '2024-04-15', 257514804),
(7, '2024-04-16', 260555583),
(8, '2024-08-15', 215036564),
(8, '2024-08-16', 204129857),
(8, '2024-08-17', 179722607),
(8, '2024-08-18', 125835452),
(8, '2024-08-19', 108361846),
(8, '2024-08-20', 127014394),
(8, '2024-08-21', 112078905),
(9, '2024-01-25', 735250742),
(9, '2024-01-26', 534810693),
(9, '2024-01-27', 459498386),
(9, '2024-01-28', 445470207),
(9, '2024-01-29', 338108156),
(9, '2024-01-30', 300414811),
(9, '2024-01-31', 241754045),
(10, '2023-07-28', 706042862),
(10, '2023-07-29', 601206144),
(10, '2023-07-30', 600459348),
(10, '2023-07-31', 456165714),
(10, '2023-08-01', 389905972),
(10, '2023-08-02', 363949745),
(10, '2023-08-03', 367518578),
(11, '2022-09-09', 1386612874),
(11, '2022-09-10', 795535928),
(11, '2022-09-11', 924573568),
(11, '2022-09-12', 654387592),
(11, '2022-09-13', 523901527),
(11, '2022-09-14', 620942400),
(11, '2022-09-15', 392804003),
(12, '2022-03-11', 128344364),
(12, '2022-03-12', 137647285),
(12, '2022-03-13', 93406256),
(12, '2022-03-14', 97361473),
(12, '2022-03-15', 79094989),
(12, '2022-03-16', 60052431),
(12, '2022-03-17', 57616001),
(13, '2022-02-25', 701370143),
(13, '2022-02-26', 573064431),
(13, '2022-02-27', 491920328),
(13, '2022-02-28', 377998603),
(13, '2022-03-01', 403600740),
(13, '2022-03-02', 300919946),
(13, '2022-03-03', 251177708),
(14, '2022-05-20', 61834363),
(14, '2022-05-21', 52506769),
(14, '2022-05-22', 38608044),
(14, '2022-05-23', 39806655),
(14, '2022-05-24', 31300071),
(14, '2022-05-25', 31414794),
(14, '2022-05-26', 27751553),
(15, '2022-11-18', 124531867),
(15, '2022-11-19', 90961065),
(15, '2022-11-20', 85364198),
(15, '2022-11-21', 71517182),
(15, '2022-11-22', 65746724),
(15, '2022-11-23', 49712110),
(15, '2022-11-24', 50355121),
(16, '2022-09-30', 511147190),
(16, '2022-10-01', 333008547),
(16, '2022-10-02', 394107180),
(16, '2022-10-03', 359804653),
(16, '2022-10-04', 246123111),
(16, '2022-10-05', 277448038),
(16, '2022-10-06', 215997360),
(17, '2022-08-11', 570624238),
(17, '2022-08-12', 452204402),
(17, '2022-08-13', 366759070),
(17, '2022-08-14', 388081925),
(17, '2022-08-15', 258399270),
(17, '2022-08-16', 316463303),
(17, '2022-08-17', 229633883),
(18, '2021-08-12', 27507568),
(18, '2021-08-13', 22708815),
(18, '2021-08-14', 19392270),
(18, '2021-08-15', 16688327),
(18, '2021-08-16', 11918161),
(18, '2021-08-17', 13102283),
(18, '2021-08-18', 8894075),
(19, '2021-07-27', 112673670),
(19, '2021-07-28', 88467784),
(19, '2021-07-29', 92364977),
(19, '2021-07-30', 64523996),
(19, '2021-07-31', 78424068),
(19, '2021-08-01', 50036256),
(19, '2021-08-02', 49880229),
(20, '2021-11-05', 213652143),
(20, '2021-11-06', 176439015),
(20, '2021-11-07', 120932641),
(20, '2021-11-08', 115093060),
(20, '2021-11-09', 92929597),
(20, '2021-11-10', 77449656),
(20, '2021-11-11', 89372322),
(21, '2021-12-24', 1168706434),
(21, '2021-12-25', 786090790),
(21, '2021-12-26', 869357760),
(21, '2021-12-27', 632270908),
(21, '2021-12-28', 675832917),
(21, '2021-12-29', 590930118),
(21, '2021-12-30', 454050902),
(22, '2021-12-24', 441737989),
(22, '2021-12-25', 394160789),
(22, '2021-12-26', 381223487),
(22, '2021-12-27', 282337897),
(22, '2021-12-28', 264153951),
(22, '2021-12-29', 256133465),
(22, '2021-12-30', 197320691),
(23, '2020-01-10', 736273435),
(23, '2020-01-11', 597497233),
(23, '2020-01-12', 495610930),
(23, '2020-01-13', 417084502),
(23, '2020-01-14', 406369090),
(23, '2020-01-15', 348748975),
(23, '2020-01-16', 238835737),
(24, '2020-03-06', 67206050),
(24, '2020-03-07', 50609971),
(24, '2020-03-08', 41863617),
(24, '2020-03-09', 46868002),
(24, '2020-03-10', 38088241),
(24, '2020-03-11', 31395525),
(24, '2020-03-12', 27409928),
(25, '2019-09-06', 531947112),
(25, '2019-09-07', 330093035),
(25, '2019-09-08', 324614084),
(25, '2019-09-09', 240785759),
(25, '2019-09-10', 235985105),
(25, '2019-09-11', 188869349),
(25, '2019-09-12', 171051558),
(26, '2019-10-02', 1810648840),
(26, '2019-10-03', 1889160038),
(26, '2019-10-04', 1564118665),
(26, '2019-10-05', 1348124260),
(26, '2019-10-06', 887518067),
(26, '2019-10-07', 821291399),
(26, '2019-10-08', 839972541),
(27, '2019-06-21', 347605030),
(27, '2019-06-22', 356849783),
(27, '2019-06-23', 268412005),
(27, '2019-06-24', 244613866),
(27, '2019-06-25', 236490451),
(27, '2019-06-26', 164260151),
(27, '2019-06-27', 174928720),
(28, '2019-03-21', 495505612),
(28, '2019-03-22', 436712343),
(28, '2019-03-23', 274381016),
(28, '2019-03-24', 335485168),
(28, '2019-03-25', 221780760),
(28, '2019-03-26', 214670924),
(28, '2019-03-27', 217569493),
(29, '2019-01-11', 175846043),
(29, '2019-01-12', 137342941),
(29, '2019-01-13', 135790268),
(29, '2019-01-14', 117906562),
(29, '2019-01-15', 115083337),
(29, '2019-01-16', 95198011),
(29, '2019-01-17', 73929148),
(30, '2019-02-14', 411584613),
(30, '2019-02-15', 253010247),
(30, '2019-02-16', 311265760),
(30, '2019-02-17', 266005273),
(30, '2019-02-18', 201485823),
(30, '2019-02-19', 153170635),
(30, '2019-02-20', 168935113),
(31, '2019-08-15', 187317848),
(31, '2019-08-16', 147629988),
(31, '2019-08-17', 129058222),
(31, '2019-08-18', 101966143),
(31, '2019-08-19', 98877843),
(31, '2019-08-20', 76442152),
(31, '2019-08-21', 71536228),
(32, '2019-10-25', 387017847),
(32, '2019-10-26', 347738441),
(32, '2019-10-27', 245748560),
(32, '2019-10-28', 262860660),
(32, '2019-10-29', 195283666),
(32, '2019-10-30', 200152240),
(32, '2019-10-31', 145547536),
(33, '2018-12-28', 515249612),
(33, '2018-12-29', 379590766),
(33, '2018-12-30', 267355050),
(33, '2018-12-31', 239945235),
(33, '2019-01-01', 248724852),
(33, '2019-01-02', 245619605),
(33, '2019-01-03', 182000268),
(34, '2018-01-25', 257129852),
(34, '2018-01-26', 245192498),
(34, '2018-01-27', 209128251),
(34, '2018-01-28', 155054048),
(34, '2018-01-29', 165864226),
(34, '2018-01-30', 102107266),
(34, '2018-01-31', 97596765),
(35, '2018-05-11', 165262305),
(35, '2018-05-12', 109124767),
(35, '2018-05-13', 98914306),
(35, '2018-05-14', 73651651),
(35, '2018-05-15', 70535082),
(35, '2018-05-16', 60298623),
(35, '2018-05-17', 56396482),
(36, '2018-10-05', 145522365),
(36, '2018-10-06', 118597053),
(36, '2018-10-07', 100156142),
(36, '2018-10-08', 67901565),
(36, '2018-10-09', 67624853),
(36, '2018-10-10', 71903719),
(36, '2018-10-11', 65182043),
(37, '2018-10-19', 58359563),
(37, '2018-10-20', 50619630),
(37, '2018-10-21', 29691217),
(37, '2018-10-22', 32326785),
(37, '2018-10-23', 26982898),
(37, '2018-10-24', 24379598),
(37, '2018-10-25', 18373861),
(38, '2015-07-17', 187275392),
(38, '2015-07-18', 191442890),
(38, '2015-07-19', 118721362),
(38, '2015-07-20', 108507876),
(38, '2015-07-21', 113203242),
(38, '2015-07-22', 98278525),
(38, '2015-07-23', 90600433),
(39, '2014-12-19', 278583288),
(39, '2014-12-20', 215786435),
(39, '2014-12-21', 175231351),
(39, '2014-12-22', 144070517),
(39, '2014-12-23', 123186258),
(39, '2014-12-24', 144870383),
(39, '2014-12-25', 85493852),
(40, '2016-12-23', 103158945),
(40, '2016-12-24', 97218693),
(40, '2016-12-25', 78850836),
(40, '2016-12-26', 62164011),
(40, '2016-12-27', 65725900),
(40, '2016-12-28', 50641602),
(40, '2016-12-29', 49803240),
(41, '2016-07-06', 481289158),
(41, '2016-07-07', 325252898),
(41, '2016-07-08', 301724181),
(41, '2016-07-09', 285196342),
(41, '2016-07-10', 250913449),
(41, '2016-07-11', 241072888),
(41, '2016-07-12', 179191697),
(42, '2017-12-22', 678166605),
(42, '2017-12-23', 476419881),
(42, '2017-12-24', 409600036),
(42, '2017-12-25', 318587311),
(42, '2017-12-26', 327540812),
(42, '2017-12-27', 282453196),
(42, '2017-12-28', 209646605),
(43, '2016-10-28', 750065049),
(43, '2016-10-29', 576667309),
(43, '2016-10-30', 416617316),
(43, '2016-10-31', 474479475),
(43, '2016-11-01', 357174787),
(43, '2016-11-02', 393231913),
(43, '2016-11-03', 301418157),
(44, '2017-01-25', 129501266),
(44, '2017-01-26', 77925635),
(44, '2017-01-27', 92346251),
(44, '2017-01-28', 74005922),
(44, '2017-01-29', 61677887),
(44, '2017-01-30', 56153693),
(44, '2017-01-31', 48427101),
(45, '2017-06-23', 788804908),
(45, '2017-06-24', 491955111),
(45, '2017-06-25', 431844347),
(45, '2017-06-26', 393304892),
(45, '2017-06-27', 372609593),
(45, '2017-06-28', 346470324),
(45, '2017-06-29', 275212811),
(46, '2017-10-19', 122003483),
(46, '2017-10-20', 112863193),
(46, '2017-10-21', 105884593),
(46, '2017-10-22', 66903769),
(46, '2017-10-23', 73802912),
(46, '2017-10-24', 59359790),
(46, '2017-10-25', 55058779),
(47, '2017-10-20', 480748293),
(47, '2017-10-21', 457848286),
(47, '2017-10-22', 366360897),
(47, '2017-10-23', 389880541),
(47, '2017-10-24', 287131232),
(47, '2017-10-25', 288194311),
(47, '2017-10-26', 249344600),
(48, '2015-12-18', 1429721526),
(48, '2015-12-19', 965224208),
(48, '2015-12-20', 831675561),
(48, '2015-12-21', 677980259),
(48, '2015-12-22', 743895069),
(48, '2015-12-23', 532564306),
(48, '2015-12-24', 530488875),
(49, '2015-12-18', 870597678),
(49, '2015-12-19', 649809894),
(49, '2015-12-20', 510974849),
(49, '2015-12-21', 582314934),
(49, '2015-12-22', 538096555),
(49, '2015-12-23', 413384548),
(49, '2015-12-24', 292750109),
(50, '2015-06-05', 112854167),
(50, '2015-06-06', 72201012),
(50, '2015-06-07', 76555894),
(50, '2015-06-08', 53025683),
(50, '2015-06-09', 57855318),
(50, '2015-06-10', 52296483),
(50, '2015-06-11', 39483838),
(51, '2015-05-22', 26274943),
(51, '2015-05-23', 26813530),
(51, '2015-05-24', 20989371),
(51, '2015-05-25', 15198495),
(51, '2015-05-26', 15455250),
(51, '2015-05-27', 17285401),
(51, '2015-05-28', 11756439),
(52, '2015-06-19', 353095397),
(52, '2015-06-20', 254064714),
(52, '2015-06-21', 214429151),
(52, '2015-06-22', 208097757),
(52, '2015-06-23', 170649112),
(52, '2015-06-24', 157319970),
(52, '2015-06-25', 145709795),
(53, '2015-07-10', 2052147259),
(53, '2015-07-11', 1815547880),
(53, '2015-07-12', 1418367079),
(53, '2015-07-13', 958713712),
(53, '2015-07-14', 985878408),
(53, '2015-07-15', 992274152),
(53, '2015-07-16', 928706386),
(54, '2012-10-19', 356788062),
(54, '2012-10-20', 267987911),
(54, '2012-10-21', 232916228),
(54, '2012-10-22', 158375978),
(54, '2012-10-23', 171853068),
(54, '2012-10-24', 144314179),
(54, '2012-10-25', 117450364),
(55, '2012-08-15', 466112682),
(55, '2012-08-16', 441539453),
(55, '2012-08-17', 405856560),
(55, '2012-08-18', 260912311),
(55, '2012-08-19', 280337854),
(55, '2012-08-20', 234479618),
(55, '2012-08-21', 248708978),
(56, '2009-12-25', 265751565),
(56, '2009-12-26', 218159370),
(56, '2009-12-27', 204779377),
(56, '2009-12-28', 136170773),
(56, '2009-12-29', 168421492),
(56, '2009-12-30', 142619305),
(56, '2009-12-31', 125193134),
(57, '2008-12-25', 315336902),
(57, '2008-12-26', 269591594),
(57, '2008-12-27', 234167626),
(57, '2008-12-28', 190790730),
(57, '2008-12-29', 219329797),
(57, '2008-12-30', 165091248),
(57, '2008-12-31', 130039733),
(58, '2008-12-12', 47793781),
(58, '2008-12-13', 40499573),
(58, '2008-12-14', 37498507),
(58, '2008-12-15', 23448730),
(58, '2008-12-16', 22873453),
(58, '2008-12-17', 19416865),
(58, '2008-12-18', 22765208),
(59, '2007-12-21', 95938277),
(59, '2007-12-22', 90483207),
(59, '2007-12-23', 74941472),
(59, '2007-12-24', 53046463),
(59, '2007-12-25', 64842061),
(59, '2007-12-26', 49999271),
(59, '2007-12-27', 43477544),
(60, '2007-11-09', 250225720),
(60, '2007-11-10', 218715333),
(60, '2007-11-11', 155082870),
(60, '2007-11-12', 170261333),
(60, '2007-11-13', 143134180),
(60, '2007-11-14', 117158512),
(60, '2007-11-15', 125639667),
(61, '2007-08-10', 95090962),
(61, '2007-08-11', 88854227),
(61, '2007-08-12', 73623947),
(61, '2007-08-13', 76703864),
(61, '2007-08-14', 58496905),
(61, '2007-08-15', 44897493),
(61, '2007-08-16', 41714163),
(62, '2006-10-20', 302301515),
(62, '2006-10-21', 240427383),
(62, '2006-10-22', 226422776),
(62, '2006-10-23', 218245024),
(62, '2006-10-24', 184009168),
(62, '2006-10-25', 178768174),
(62, '2006-10-26', 127409604),
(63, '2006-01-26', 47857257),
(63, '2006-01-27', 48537565),
(63, '2006-01-28', 41820064),
(63, '2006-01-29', 30201268),
(63, '2006-01-30', 26781576),
(63, '2006-01-31', 24328072),
(63, '2006-02-01', 24480044),
(64, '2005-02-04', 168694092),
(64, '2005-02-05', 175019166),
(64, '2005-02-06', 124842093),
(64, '2005-02-07', 138362612),
(64, '2005-02-08', 107067354),
(64, '2005-02-09', 92264247),
(64, '2005-02-10', 80392293),
(65, '2004-11-12', 434753779),
(65, '2004-11-13', 281834226),
(65, '2004-11-14', 215785739),
(65, '2004-11-15', 226088834),
(65, '2004-11-16', 201474105),
(65, '2004-11-17', 217231889),
(65, '2004-11-18', 135554254),
(66, '2003-11-28', 137557295),
(66, '2003-11-29', 87733557),
(66, '2003-11-30', 82467286),
(66, '2003-12-01', 74318386),
(66, '2003-12-02', 73610937),
(66, '2003-12-03', 68774526),
(66, '2003-12-04', 52941355),
(67, '2002-07-12', 245635578),
(67, '2002-07-13', 205236709),
(67, '2002-07-14', 187147067),
(67, '2002-07-15', 132300058),
(67, '2002-07-16', 110585050),
(67, '2002-07-17', 135708334),
(67, '2002-07-18', 109356015),
(68, '2001-06-15', 94692311),
(68, '2001-06-16', 52199602),
(68, '2001-06-17', 46090593),
(68, '2001-06-18', 47192693),
(68, '2001-06-19', 40597093),
(68, '2001-06-20', 36615785),
(68, '2001-06-21', 26671269),
(69, '2001-12-14', 74734762),
(69, '2001-12-15', 64513630),
(69, '2001-12-16', 61918770),
(69, '2001-12-17', 64487330),
(69, '2001-12-18', 41665583),
(69, '2001-12-19', 47771183),
(69, '2001-12-20', 39900151),
(70, '2004-07-02', 92355407),
(70, '2004-07-03', 71750666),
(70, '2004-07-04', 62634856),
(70, '2004-07-05', 70400631),
(70, '2004-07-06', 69125740),
(70, '2004-07-07', 56716407),
(70, '2004-07-08', 51330557),
(71, '2006-11-24', 551886410),
(71, '2006-11-25', 414163566),
(71, '2006-11-26', 433449159),
(71, '2006-11-27', 388758882),
(71, '2006-11-28', 278231625),
(71, '2006-11-29', 264437679),
(71, '2006-11-30', 213487276),
(72, '2013-12-20', 1712194024),
(72, '2013-12-21', 1313910396),
(72, '2013-12-22', 1323728468),
(72, '2013-12-23', 850588252),
(72, '2013-12-24', 1023920570),
(72, '2013-12-25', 641681203),
(72, '2013-12-26', 638518252),
(73, '2006-06-23', 211116431),
(73, '2006-06-24', 184127021),
(73, '2006-06-25', 137356231),
(73, '2006-06-26', 146964102),
(73, '2006-06-27', 133364542),
(73, '2006-06-28', 98660431),
(73, '2006-06-29', 112408074),
(74, '2013-11-01', 607640475),
(74, '2013-11-02', 479871886),
(74, '2013-11-03', 355645718),
(74, '2013-11-04', 292882014),
(74, '2013-11-05', 244277396),
(74, '2013-11-06', 290142664),
(74, '2013-11-07', 188589406),
(75, '2017-04-28', 1897724610),
(75, '2017-04-29', 1168002252),
(75, '2017-04-30', 1123359727),
(75, '2017-05-01', 1006943458),
(75, '2017-05-02', 716694287),
(75, '2017-05-03', 791134305),
(75, '2017-05-04', 665487640),
(76, '2016-09-30', 384374932),
(76, '2016-10-01', 214665602),
(76, '2016-10-02', 250978604),
(76, '2016-10-03', 164156454),
(76, '2016-10-04', 206725898),
(76, '2016-10-05', 169994526),
(76, '2016-10-06', 119083157),
(77, '2016-01-22', 108630551),
(77, '2016-01-23', 90193081),
(77, '2016-01-24', 65493391),
(77, '2016-01-25', 57479057),
(77, '2016-01-26', 63894112),
(77, '2016-01-27', 47916464),
(77, '2016-01-28', 41881239),
(78, '2016-09-16', 102644548),
(78, '2016-09-17', 109612402),
(78, '2016-09-18', 74036684),
(78, '2016-09-19', 85844695),
(78, '2016-09-20', 59894703),
(78, '2016-09-21', 53599895),
(78, '2016-09-22', 52875187),
(79, '2016-03-18', 110728862),
(79, '2016-03-19', 84847891),
(79, '2016-03-20', 101559321),
(79, '2016-03-21', 88882876),
(79, '2016-03-22', 66703438),
(79, '2016-03-23', 71509110),
(79, '2016-03-24', 60044455),
(80, '2015-09-18', 133618089),
(80, '2015-09-19', 88014549),
(80, '2015-09-20', 85603141),
(80, '2015-09-21', 66828554),
(80, '2015-09-22', 49714502),
(80, '2015-09-23', 49810547),
(80, '2015-09-24', 43836290),
(81, '2012-11-30', 145358744),
(81, '2012-12-01', 109319671),
(81, '2012-12-02', 77915602),
(81, '2012-12-03', 61608494),
(81, '2012-12-04', 57471559),
(81, '2012-12-05', 50918456),
(81, '2012-12-06', 46314223),
(82, '2012-03-09', 91102668),
(82, '2012-03-10', 70601692),
(82, '2012-03-11', 61347599),
(82, '2012-03-12', 56693733),
(82, '2012-03-13', 52440820),
(82, '2012-03-14', 50842628),
(82, '2012-03-15', 40462544),
(83, '2012-09-14', 307932285),
(83, '2012-09-15', 227832515),
(83, '2012-09-16', 172096053),
(83, '2012-09-17', 187983201),
(83, '2012-09-18', 154185713),
(83, '2012-09-19', 114623706),
(83, '2012-09-20', 98184318),
(84, '2012-06-22', 190486117),
(84, '2012-06-23', 208763440),
(84, '2012-06-24', 137599062),
(84, '2012-06-25', 127814378),
(84, '2012-06-26', 124226301),
(84, '2012-06-27', 118091009),
(84, '2012-06-28', 92358712),
(85, '2012-01-26', 294113142),
(85, '2012-01-27', 271996683),
(85, '2012-01-28', 205114570),
(85, '2012-01-29', 211461835),
(85, '2012-01-30', 179498414),
(85, '2012-01-31', 197290791),
(85, '2012-02-01', 167550653),
(86, '2012-11-13', 455290601),
(86, '2012-11-14', 314660334),
(86, '2012-11-15', 241476833),
(86, '2012-11-16', 262789123),
(86, '2012-11-17', 237713543),
(86, '2012-11-18', 224228275),
(86, '2012-11-19', 195968922),
(87, '2009-08-14', 74798611),
(87, '2009-08-15', 66674311),
(87, '2009-08-16', 55055292),
(87, '2009-08-17', 49430534),
(87, '2009-08-18', 40131268),
(87, '2009-08-19', 39861777),
(87, '2009-08-20', 35664840),
(88, '2009-02-06', 59575389),
(88, '2009-02-07', 55797652),
(88, '2009-02-08', 38437184),
(88, '2009-02-09', 33176069),
(88, '2009-02-10', 36684311),
(88, '2009-02-11', 26702934),
(88, '2009-02-12', 23571839),
(89, '2009-02-20', 246730781),
(89, '2009-02-21', 216546169),
(89, '2009-02-22', 214826106),
(89, '2009-02-23', 148995871),
(89, '2009-02-24', 133573565),
(89, '2009-02-25', 149572220),
(89, '2009-02-26', 129981929),
(90, '2008-11-14', 326210086),
(90, '2008-11-15', 299086388),
(90, '2008-11-16', 231162839),
(90, '2008-11-17', 174880746),
(90, '2008-11-18', 174861297),
(90, '2008-11-19', 151203013),
(90, '2008-11-20', 147569747),
(91, '2008-02-15', 416423250),
(91, '2008-02-16', 234359199),
(91, '2008-02-17', 274674865),
(91, '2008-02-18', 224546418),
(91, '2008-02-19', 206463022),
(91, '2008-02-20', 145583846),
(91, '2008-02-21', 159390840),
(92, '2008-02-22', 125649564),
(92, '2008-02-23', 92057284),
(92, '2008-02-24', 108676239),
(92, '2008-02-25', 74931517),
(92, '2008-02-26', 66820212),
(92, '2008-02-27', 54994492),
(92, '2008-02-28', 52302545),
(93, '2007-01-12', 147868363),
(93, '2007-01-13', 145427109),
(93, '2007-01-14', 131593530),
(93, '2007-01-15', 101785259),
(93, '2007-01-16', 96865374),
(93, '2007-01-17', 88126731),
(93, '2007-01-18', 62691458),
(94, '2016-06-03', 209334150),
(94, '2016-06-04', 174294371),
(94, '2016-06-05', 103815239),
(94, '2016-06-06', 133983269),
(94, '2016-06-07', 98567133),
(94, '2016-06-08', 101217699),
(94, '2016-06-09', 89702883),
(95, '2015-07-31', 27301624),
(95, '2015-08-01', 17409426),
(95, '2015-08-02', 12910981),
(95, '2015-08-03', 13107971),
(95, '2015-08-04', 13194616),
(95, '2015-08-05', 12989888),
(95, '2015-08-06', 8877993),
(96, '2003-09-19', 66359616),
(96, '2003-09-20', 48182679),
(96, '2003-09-21', 49620868),
(96, '2003-09-22', 37056749),
(96, '2003-09-23', 38598643),
(96, '2003-09-24', 32749465),
(96, '2003-09-25', 28816263),
(97, '2017-02-10', 28132012),
(97, '2017-02-11', 22744990),
(97, '2017-02-12', 17278811),
(97, '2017-02-13', 15694531),
(97, '2017-02-14', 13377332),
(97, '2017-02-15', 12071751),
(97, '2017-02-16', 9030781),
(98, '2016-08-12', 324663047),
(98, '2016-08-13', 240650215),
(98, '2016-08-14', 206082279),
(98, '2016-08-15', 205603647),
(98, '2016-08-16', 182080587),
(98, '2016-08-17', 140042357),
(98, '2016-08-18', 125237789),
(99, '2019-07-12', 147343140),
(99, '2019-07-13', 116450851),
(99, '2019-07-14', 93078407),
(99, '2019-07-15', 81364650),
(99, '2019-07-16', 70937513),
(99, '2019-07-17', 69172480),
(99, '2019-07-18', 47735710),
(100, '2017-08-11', 78672142),
(100, '2017-08-12', 71643155),
(100, '2017-08-13', 64361749),
(100, '2017-08-14', 54834278),
(100, '2017-08-15', 49530759),
(100, '2017-08-16', 43704575),
(100, '2017-08-17', 36615965),
(101, '2017-03-10', 178972433),
(101, '2017-03-11', 176851461),
(101, '2017-03-12', 106706627),
(101, '2017-03-13', 128616094),
(101, '2017-03-14', 117320752),
(101, '2017-03-15', 77875495),
(101, '2017-03-16', 76889685),
(102, '2017-09-29', 73997040),
(102, '2017-09-30', 68951084),
(102, '2017-10-01', 48472208),
(102, '2017-10-02', 36670505),
(102, '2017-10-03', 33806021),
(102, '2017-10-04', 33513496),
(102, '2017-10-05', 30491756),
(103, '2017-05-19', 222678887),
(103, '2017-05-20', 197254510),
(103, '2017-05-21', 153641651),
(103, '2017-05-22', 161668118),
(103, '2017-05-23', 160110249),
(103, '2017-05-24', 131836033),
(103, '2017-05-25', 91616952),
(104, '2017-07-28', 233838796),
(104, '2017-07-29', 231406828),
(104, '2017-07-30', 199246087),
(104, '2017-07-31', 194728288),
(104, '2017-08-01', 138674053),
(104, '2017-08-02', 147753045),
(104, '2017-08-03', 107250208),
(105, '2017-09-22', 63762658),
(105, '2017-09-23', 68403318),
(105, '2017-09-24', 42222324),
(105, '2017-09-25', 53680106),
(105, '2017-09-26', 38153088),
(105, '2017-09-27', 29677189),
(105, '2017-09-28', 35617870),
(106, '2017-09-01', 99649863),
(106, '2017-09-02', 78244901),
(106, '2017-09-03', 61103956),
(106, '2017-09-04', 60690104),
(106, '2017-09-05', 47248890),
(106, '2017-09-06', 41982723),
(106, '2017-09-07', 47277057),
(107, '2024-12-05', 3046544106),
(107, '2024-12-06', 1890257115),
(107, '2024-12-07', 1453329362),
(107, '2024-12-08', 1641215404),
(107, '2024-12-09', 1375901042),
(107, '2024-12-10', 1314924417),
(107, '2024-12-11', 1211519085),
(108, '2024-12-20', 331766000),
(108, '2024-12-21', 204613241),
(108, '2024-12-22', 238499824),
(108, '2024-12-23', 160202127),
(108, '2024-12-24', 185886494),
(108, '2024-12-25', 143672518),
(108, '2024-12-26', 123213099);

-- =========================
-- 6. MUSIC SYSTEM
-- =========================

-- Albums
INSERT INTO ALBUM (album_id, album_title, release_date, movie_id, label_id) VALUES
(1, 'Pathaan - Original Soundtrack', '2023-01-11', 1, 7),
(2, 'Jawan - Original Soundtrack', '2023-09-07', 2, 4),
(3, 'Dunki - Original Soundtrack', '2023-12-09', 3, 6),
(4, 'Animal - Original Soundtrack', '2023-11-09', 4, 6),
(5, 'Salaar Part 1 - Original Soundtrack', '2023-12-02', 5, 6),
(6, 'Tiger 3 - Original Soundtrack', '2023-10-17', 6, 3),
(7, 'Bade Miyan Chote Miyan - Original Soundtrack', '2024-03-19', 7, 7),
(8, 'Stree 2 - Original Soundtrack', '2024-08-04', 8, 3),
(9, 'Fighter - Original Soundtrack', '2024-01-19', 9, 3),
(10, 'Rocky Aur Rani Kii Prem Kahaani - Original Soundtrack', '2023-07-26', 10, 3),
(11, 'Brahmastra Part One Shiva - Original Soundtrack', '2022-09-08', 11, 1),
(12, 'The Kashmir Files - Original Soundtrack', '2022-03-01', 12, 7),
(13, 'Gangubai Kathiawadi - Original Soundtrack', '2022-02-11', 13, 1),
(14, 'Bhool Bhulaiyaa 2 - Original Soundtrack', '2022-04-25', 14, 1),
(15, 'Drishyam 2 - Original Soundtrack', '2022-11-03', 15, 3),
(16, 'Vikram Vedha - Original Soundtrack', '2022-09-09', 16, 8),
(17, 'Laal Singh Chaddha - Original Soundtrack', '2022-07-13', 17, 3),
(18, 'Shershaah - Original Soundtrack', '2021-08-02', 18, 2),
(19, 'Bell Bottom - Original Soundtrack', '2021-07-15', 19, 2),
(20, 'Sooryavanshi - Original Soundtrack', '2021-10-15', 20, 8),
(21, '83 - Original Soundtrack', '2021-12-09', 21, 4),
(22, 'Atrangi Re - Original Soundtrack', '2021-12-07', 22, 1),
(23, 'Tanhaji The Unsung Warrior - Original Soundtrack', '2019-12-31', 23, 3),
(24, 'Baaghi 3 - Original Soundtrack', '2020-02-23', 24, 3),
(25, 'Chhichhore - Original Soundtrack', '2019-08-30', 25, 2),
(26, 'War - Original Soundtrack', '2019-09-30', 26, 2),
(27, 'Kabir Singh - Original Soundtrack', '2019-05-30', 27, 5),
(28, 'Kesari - Original Soundtrack', '2019-02-19', 28, 4),
(29, 'Uri The Surgical Strike - Original Soundtrack', '2018-12-29', 29, 3),
(30, 'Gully Boy - Original Soundtrack', '2019-02-05', 30, 3),
(31, 'Mission Mangal - Original Soundtrack', '2019-07-29', 31, 2),
(32, 'Housefull 4 - Original Soundtrack', '2019-10-05', 32, 2),
(33, 'Simmba - Original Soundtrack', '2018-12-08', 33, 6),
(34, 'Padmaavat - Original Soundtrack', '2018-01-22', 34, 1),
(35, 'Raazi - Original Soundtrack', '2018-05-06', 35, 1),
(36, 'Andhadhun - Original Soundtrack', '2018-10-01', 36, 3),
(37, 'Badhaai Ho - Original Soundtrack', '2018-09-29', 37, 5),
(38, 'Bajrangi Bhaijaan - Original Soundtrack', '2015-06-24', 38, 2),
(39, 'PK - Original Soundtrack', '2014-12-04', 39, 8),
(40, 'Dangal - Original Soundtrack', '2016-12-12', 40, 2),
(41, 'Sultan - Original Soundtrack', '2016-06-07', 41, 6),
(42, 'Tiger Zinda Hai - Original Soundtrack', '2017-12-12', 42, 8),
(43, 'Ae Dil Hai Mushkil - Original Soundtrack', '2016-10-12', 43, 2),
(44, 'Raees - Original Soundtrack', '2017-01-04', 44, 8),
(45, 'Tubelight - Original Soundtrack', '2017-06-18', 45, 1),
(46, 'Secret Superstar - Original Soundtrack', '2017-10-18', 46, 4),
(47, 'Golmaal Again - Original Soundtrack', '2017-10-05', 47, 4),
(48, 'Bajirao Mastani - Original Soundtrack', '2015-12-02', 48, 7),
(49, 'Dilwale - Original Soundtrack', '2015-12-10', 49, 6),
(50, 'Dil Dhadakne Do - Original Soundtrack', '2015-05-07', 50, 5),
(51, 'Tanu Weds Manu Returns - Original Soundtrack', '2015-05-02', 51, 4),
(52, 'ABCD 2 - Original Soundtrack', '2015-05-28', 52, 4),
(53, 'Baahubali The Beginning - Original Soundtrack', '2015-06-26', 53, 6),
(54, 'Student of the Year - Original Soundtrack', '2012-10-07', 54, 7),
(55, 'Ek Tha Tiger - Original Soundtrack', '2012-08-08', 55, 3),
(56, '3 Idiots - Original Soundtrack', '2009-11-26', 56, 5),
(57, 'Ghajini - Original Soundtrack', '2008-12-15', 57, 6),
(58, 'Rab Ne Bana Di Jodi - Original Soundtrack', '2008-12-11', 58, 6),
(59, 'Taare Zameen Par - Original Soundtrack', '2007-12-07', 59, 3),
(60, 'Om Shanti Om - Original Soundtrack', '2007-11-03', 60, 3),
(61, 'Chak De India - Original Soundtrack', '2007-07-22', 61, 1),
(62, 'Don - Original Soundtrack', '2006-10-13', 62, 3),
(63, 'Rang De Basanti - Original Soundtrack', '2006-01-20', 63, 2),
(64, 'Black - Original Soundtrack', '2005-01-18', 64, 1),
(65, 'Veer-Zaara - Original Soundtrack', '2004-10-14', 65, 4),
(66, 'Kal Ho Naa Ho - Original Soundtrack', '2003-11-07', 66, 3),
(67, 'Devdas - Original Soundtrack', '2002-07-08', 67, 6),
(68, 'Lagaan - Original Soundtrack', '2001-06-02', 68, 8),
(69, 'Kabhi Khushi Kabhie Gham - Original Soundtrack', '2001-12-12', 69, 7),
(70, 'Dhoom - Original Soundtrack', '2004-06-18', 70, 5),
(71, 'Dhoom 2 - Original Soundtrack', '2006-11-01', 71, 7),
(72, 'Dhoom 3 - Original Soundtrack', '2013-11-24', 72, 8),
(73, 'Krrish - Original Soundtrack', '2006-06-10', 73, 8),
(74, 'Krrish 3 - Original Soundtrack', '2013-10-19', 74, 4),
(75, 'Baahubali 2 The Conclusion - Original Soundtrack', '2017-04-23', 75, 7),
(76, 'M.S. Dhoni The Untold Story - Original Soundtrack', '2016-09-21', 76, 4),
(77, 'Airlift - Original Soundtrack', '2016-01-15', 77, 1),
(78, 'Pink - Original Soundtrack', '2016-08-17', 78, 5),
(79, 'Kapoor and Sons - Original Soundtrack', '2016-02-29', 79, 8),
(80, 'Talvar - Original Soundtrack', '2015-08-21', 80, 4),
(81, 'Talaash - Original Soundtrack', '2012-11-02', 81, 1),
(82, 'Kahaani - Original Soundtrack', '2012-03-07', 82, 3),
(83, 'Barfi - Original Soundtrack', '2012-08-27', 83, 2),
(84, 'Gangs of Wasseypur - Original Soundtrack', '2012-06-03', 84, 1),
(85, 'Agneepath - Original Soundtrack', '2012-01-21', 85, 2),
(86, 'Jab Tak Hai Jaan - Original Soundtrack', '2012-10-26', 86, 6),
(87, 'Kaminey - Original Soundtrack', '2009-08-13', 87, 4),
(88, 'Dev.D - Original Soundtrack', '2009-01-25', 88, 5),
(89, 'Delhi-6 - Original Soundtrack', '2009-01-25', 89, 3),
(90, 'Dostana - Original Soundtrack', '2008-10-15', 90, 6),
(91, 'Jodhaa Akbar - Original Soundtrack', '2008-02-11', 91, 1),
(92, 'Race - Original Soundtrack', '2008-01-30', 92, 4),
(93, 'Guru - Original Soundtrack', '2007-01-01', 93, 1),
(94, 'Housefull 3 - Original Soundtrack', '2016-05-31', 94, 6),
(95, 'Drishyam - Original Soundtrack', '2015-07-04', 95, 5),
(96, 'Munnabhai MBBS - Original Soundtrack', '2003-08-26', 96, 4),
(97, 'Jolly LLB 2 - Original Soundtrack', '2017-01-13', 97, 5),
(98, 'Rustom - Original Soundtrack', '2016-07-18', 98, 1),
(99, 'Super 30 - Original Soundtrack', '2019-07-06', 99, 6),
(100, 'Toilet Ek Prem Katha - Original Soundtrack', '2017-07-23', 100, 1),
(101, 'Badrinath Ki Dulhania - Original Soundtrack', '2017-02-18', 101, 1),
(102, 'Judwaa 2 - Original Soundtrack', '2017-09-16', 102, 1),
(103, 'Half Girlfriend - Original Soundtrack', '2017-04-21', 103, 7),
(104, 'Mubarakan - Original Soundtrack', '2017-07-09', 104, 8),
(105, 'Newton - Original Soundtrack', '2017-09-15', 105, 3),
(106, 'Shubh Mangal Saavdhan - Original Soundtrack', '2017-08-10', 106, 6),
(107, 'Pushpa 2 The Rule - Original Soundtrack', '2024-11-07', 109, 7),
(108, 'Welcome To The Jungle - Original Soundtrack', '2024-12-15', 110, 8);

-- Songs
INSERT INTO SONG (song_id, isrc_code, title, track_number, language, duration_seconds, album_id) VALUES
(1, 'INR2023000001', 'Jag Ghoomeya', 1, 'Urdu', 252, 1),
(2, 'INR2023000002', 'Chaar Kadam', 2, 'Urdu', 335, 1),
(3, 'INR2023000003', 'Raataan Lambiyan', 3, 'Hindi', 265, 1),
(4, 'INR2023000004', 'Ghungroo', 4, 'Hindi', 230, 1),
(5, 'INR2023000005', 'Jhalak Dikhlaja', 1, 'Urdu', 275, 2),
(6, 'INR2023000006', 'Tum Se Hi', 2, 'Urdu', 286, 2),
(7, 'INR2023000007', 'Deva Deva', 1, 'Hindi', 344, 3),
(8, 'INR2023000008', 'Ilahi', 2, 'Hindi', 189, 3),
(9, 'INR2023000009', 'Kabira', 3, 'Hindi', 324, 3),
(10, 'INR2023000010', 'Ranjha', 4, 'Punjabi', 291, 3),
(11, 'INR2023000011', 'Malang', 5, 'Urdu', 310, 3),
(12, 'INR2023000012', 'Kabira', 1, 'Hindi', 288, 4),
(13, 'INR2023000013', 'Jhoome Jo Pathaan', 2, 'Hindi', 302, 4),
(14, 'INR2023000014', 'Kal Ho Na Ho', 1, 'Hindi', 358, 5),
(15, 'INR2023000015', 'Zinda Banda', 2, 'Urdu', 334, 5),
(16, 'INR2023000016', 'Ae Dil Hai Mushkil', 3, 'Hindi', 245, 5),
(17, 'INR2023000017', 'Dilli Wali Girlfriend', 4, 'Hindi', 328, 5),
(18, 'INR2023000018', 'Tum Hi Ho', 5, 'Hindi', 209, 5),
(19, 'INR2023000019', 'Kabira', 6, 'Hindi', 281, 5),
(20, 'INR2023000020', 'Raabta', 7, 'Urdu', 228, 5),
(21, 'INR2023000021', 'Zinda Banda', 1, 'Punjabi', 357, 6),
(22, 'INR2023000022', 'Jhalak Dikhlaja', 2, 'Urdu', 316, 6),
(23, 'INR2023000023', 'Balam Pichkari', 3, 'Urdu', 258, 6),
(24, 'INR2023000024', 'Hawayein', 4, 'Punjabi', 207, 6),
(25, 'INR2023000025', 'Ae Dil Hai Mushkil', 5, 'Hindi', 248, 6),
(26, 'INR2024000026', 'Tum Hi Ho', 1, 'Urdu', 223, 7),
(27, 'INR2024000027', 'Tum Hi Ho', 2, 'Hindi', 204, 7),
(28, 'INR2024000028', 'Ilahi', 3, 'Urdu', 314, 7),
(29, 'INR2024000029', 'Srivalli', 4, 'Hindi', 290, 7),
(30, 'INR2024000030', 'Bulleya', 1, 'Urdu', 230, 8),
(31, 'INR2024000031', 'Dilbaro', 2, 'Hindi', 308, 8),
(32, 'INR2024000032', 'Saathiya', 3, 'Hindi', 325, 8),
(33, 'INR2024000033', 'Dilbaro', 1, 'Punjabi', 229, 9),
(34, 'INR2024000034', 'Ilahi', 2, 'Hindi', 292, 9),
(35, 'INR2023000035', 'Hawayein', 1, 'Hindi', 276, 10),
(36, 'INR2023000036', 'Naacho Naacho', 2, 'Punjabi', 196, 10),
(37, 'INR2023000037', 'Kal Ho Na Ho', 3, 'Hindi', 329, 10),
(38, 'INR2023000038', 'Ghungroo', 4, 'Hindi', 304, 10),
(39, 'INR2022000039', 'Tum Hi Ho', 1, 'Hindi', 350, 11),
(40, 'INR2022000040', 'Tera Ban Jaunga', 2, 'Hindi', 234, 11),
(41, 'INR2022000041', 'Kabira', 3, 'Punjabi', 334, 11),
(42, 'INR2022000042', 'Ek Do Teen', 4, 'Punjabi', 301, 11),
(43, 'INR2022000043', 'Toofan', 1, 'Hindi', 260, 12),
(44, 'INR2022000044', 'Bekhayali', 2, 'Urdu', 350, 12),
(45, 'INR2022000045', 'Kabira', 3, 'Hindi', 336, 12),
(46, 'INR2022000046', 'Malang', 4, 'Hindi', 264, 12),
(47, 'INR2022000047', 'Tum Se Hi', 1, 'Hindi', 215, 13),
(48, 'INR2022000048', 'Dilli Wali Girlfriend', 2, 'Punjabi', 211, 13),
(49, 'INR2022000049', 'Jhoome Jo Pathaan', 3, 'Urdu', 274, 13),
(50, 'INR2022000050', 'Banno', 4, 'Urdu', 355, 13),
(51, 'INR2022000051', 'Jhalak Dikhlaja', 5, 'Hindi', 285, 13),
(52, 'INR2022000052', 'Tum Hi Ho', 6, 'Punjabi', 343, 13),
(53, 'INR2022000053', 'Kal Ho Na Ho', 7, 'Punjabi', 342, 13),
(54, 'INR2022000054', 'Tandav', 1, 'Urdu', 353, 14),
(55, 'INR2022000055', 'Besharam Rang', 2, 'Urdu', 335, 14),
(56, 'INR2022000056', 'Tum Se Hi', 3, 'Hindi', 336, 14),
(57, 'INR2022000057', 'Malang', 4, 'Urdu', 289, 14),
(58, 'INR2022000058', 'Tera Ban Jaunga', 5, 'Punjabi', 278, 14),
(59, 'INR2022000059', 'Dilli Wali Girlfriend', 6, 'Hindi', 229, 14),
(60, 'INR2022000060', 'Raabta', 7, 'Hindi', 326, 14),
(61, 'INR2022000061', 'Deva Deva', 1, 'Urdu', 352, 15),
(62, 'INR2022000062', 'Janam Janam', 2, 'Hindi', 294, 15),
(63, 'INR2022000063', 'Jhoome Jo Pathaan', 1, 'Hindi', 242, 16),
(64, 'INR2022000064', 'Janam Janam', 2, 'Hindi', 348, 16),
(65, 'INR2022000065', 'Tera Ban Jaunga', 3, 'Hindi', 291, 16),
(66, 'INR2022000066', 'Janam Janam', 4, 'Urdu', 263, 16),
(67, 'INR2022000067', 'Naacho Naacho', 5, 'Punjabi', 236, 16),
(68, 'INR2022000068', 'Ghungroo', 6, 'Hindi', 351, 16),
(69, 'INR2022000069', 'Ek Do Teen', 1, 'Punjabi', 203, 17),
(70, 'INR2022000070', 'Besharam Rang', 2, 'Hindi', 327, 17),
(71, 'INR2022000071', 'Toofan', 3, 'Urdu', 276, 17),
(72, 'INR2022000072', 'Chaar Kadam', 4, 'Hindi', 291, 17),
(73, 'INR2022000073', 'Besharam Rang', 5, 'Hindi', 246, 17),
(74, 'INR2022000074', 'Srivalli', 6, 'Hindi', 202, 17),
(75, 'INR2021000075', 'Balam Pichkari', 1, 'Hindi', 228, 18),
(76, 'INR2021000076', 'Nagada Sang Dhol', 2, 'Hindi', 274, 18),
(77, 'INR2021000077', 'Tandav', 3, 'Hindi', 277, 18),
(78, 'INR2021000078', 'Deva Deva', 4, 'Hindi', 195, 18),
(79, 'INR2021000079', 'Kabira', 5, 'Punjabi', 288, 18),
(80, 'INR2021000080', 'Bekhayali', 6, 'Hindi', 353, 18),
(81, 'INR2021000081', 'Raabta', 7, 'Hindi', 349, 18),
(82, 'INR2021000082', 'Ik Vaari Aa', 1, 'Punjabi', 297, 19),
(83, 'INR2021000083', 'Ae Dil Hai Mushkil', 2, 'Hindi', 255, 19),
(84, 'INR2021000084', 'Ae Dil Hai Mushkil', 1, 'Punjabi', 333, 20),
(85, 'INR2021000085', 'Ae Dil Hai Mushkil', 2, 'Hindi', 350, 20),
(86, 'INR2021000086', 'Dilli Wali Girlfriend', 3, 'Punjabi', 261, 20),
(87, 'INR2021000087', 'Jhalak Dikhlaja', 4, 'Hindi', 356, 20),
(88, 'INR2021000088', 'Naacho Naacho', 5, 'Urdu', 360, 20),
(89, 'INR2021000089', 'Kabira', 1, 'Punjabi', 195, 21),
(90, 'INR2021000090', 'Ae Dil Hai Mushkil', 2, 'Hindi', 233, 21),
(91, 'INR2021000091', 'Kesariya', 3, 'Urdu', 225, 21),
(92, 'INR2021000092', 'Tum Se Hi', 4, 'Hindi', 256, 21),
(93, 'INR2021000093', 'Toofan', 1, 'Urdu', 288, 22),
(94, 'INR2021000094', 'Malang', 2, 'Urdu', 280, 22),
(95, 'INR2021000095', 'Raataan Lambiyan', 3, 'Punjabi', 315, 22),
(96, 'INR2021000096', 'Srivalli', 4, 'Hindi', 358, 22),
(97, 'INR2021000097', 'Chaar Kadam', 5, 'Hindi', 280, 22),
(98, 'INR2020000098', 'Kesariya', 1, 'Urdu', 257, 23),
(99, 'INR2020000099', 'Janam Janam', 2, 'Hindi', 327, 23),
(100, 'INR2020000100', 'Saathiya', 3, 'Urdu', 358, 23),
(101, 'INR2020000101', 'Srivalli', 4, 'Hindi', 217, 23),
(102, 'INR2020000102', 'Ve Maahi', 5, 'Hindi', 230, 23),
(103, 'INR2020000103', 'Bekhayali', 6, 'Hindi', 327, 23),
(104, 'INR2020000104', 'Janam Janam', 1, 'Hindi', 194, 24),
(105, 'INR2020000105', 'Malang', 2, 'Hindi', 301, 24),
(106, 'INR2020000106', 'Kesariya', 3, 'Punjabi', 210, 24),
(107, 'INR2020000107', 'Balam Pichkari', 4, 'Hindi', 291, 24),
(108, 'INR2020000108', 'Tum Se Hi', 5, 'Hindi', 242, 24),
(109, 'INR2019000109', 'Ek Do Teen', 1, 'Hindi', 257, 25),
(110, 'INR2019000110', 'Kabira', 2, 'Hindi', 357, 25),
(111, 'INR2019000111', 'Jag Ghoomeya', 3, 'Urdu', 346, 25),
(112, 'INR2019000112', 'Naacho Naacho', 4, 'Urdu', 341, 25),
(113, 'INR2019000113', 'Bekhayali', 5, 'Hindi', 182, 25),
(114, 'INR2019000114', 'Ek Do Teen', 1, 'Hindi', 344, 26),
(115, 'INR2019000115', 'Kal Ho Na Ho', 2, 'Urdu', 330, 26),
(116, 'INR2019000116', 'Tera Ban Jaunga', 1, 'Hindi', 331, 27),
(117, 'INR2019000117', 'Kabira', 2, 'Urdu', 303, 27),
(118, 'INR2019000118', 'Deva Deva', 3, 'Hindi', 326, 27),
(119, 'INR2019000119', 'Tera Ban Jaunga', 4, 'Hindi', 263, 27),
(120, 'INR2019000120', 'Ik Vaari Aa', 5, 'Urdu', 227, 27),
(121, 'INR2019000121', 'Kal Ho Na Ho', 6, 'Urdu', 280, 27),
(122, 'INR2019000122', 'Raataan Lambiyan', 7, 'Hindi', 312, 27),
(123, 'INR2019000123', 'Channa Mereya', 1, 'Hindi', 226, 28),
(124, 'INR2019000124', 'Tum Hi Ho', 2, 'Urdu', 322, 28),
(125, 'INR2019000125', 'Tandav', 3, 'Hindi', 211, 28),
(126, 'INR2019000126', 'Bulleya', 4, 'Hindi', 327, 28),
(127, 'INR2019000127', 'Janam Janam', 5, 'Punjabi', 202, 28),
(128, 'INR2019000128', 'Tujhe Kitna Chahne Lage', 6, 'Hindi', 201, 28),
(129, 'INR2019000129', 'Jhalak Dikhlaja', 7, 'Punjabi', 256, 28),
(130, 'INR2019000130', 'Tum Hi Ho', 1, 'Punjabi', 243, 29),
(131, 'INR2019000131', 'Tujhe Kitna Chahne Lage', 2, 'Punjabi', 312, 29),
(132, 'INR2019000132', 'Ik Vaari Aa', 3, 'Hindi', 293, 29),
(133, 'INR2019000133', 'Nagada Sang Dhol', 4, 'Punjabi', 305, 29),
(134, 'INR2019000134', 'Raabta', 5, 'Hindi', 270, 29),
(135, 'INR2019000135', 'Tera Ban Jaunga', 6, 'Hindi', 349, 29),
(136, 'INR2019000136', 'Jhoome Jo Pathaan', 7, 'Hindi', 189, 29),
(137, 'INR2019000137', 'Bulleya', 1, 'Hindi', 334, 30),
(138, 'INR2019000138', 'Balam Pichkari', 2, 'Punjabi', 271, 30),
(139, 'INR2019000139', 'Bulleya', 3, 'Urdu', 339, 30),
(140, 'INR2019000140', 'Zinda Banda', 1, 'Hindi', 277, 31),
(141, 'INR2019000141', 'Tum Se Hi', 2, 'Hindi', 296, 31),
(142, 'INR2019000142', 'Zinda Banda', 3, 'Urdu', 353, 31),
(143, 'INR2019000143', 'Ae Dil Hai Mushkil', 4, 'Hindi', 317, 31),
(144, 'INR2019000144', 'Naacho Naacho', 1, 'Hindi', 342, 32),
(145, 'INR2019000145', 'Bekhayali', 2, 'Hindi', 324, 32),
(146, 'INR2019000146', 'Ilahi', 3, 'Punjabi', 219, 32),
(147, 'INR2019000147', 'Jai Ho', 4, 'Hindi', 277, 32),
(148, 'INR2019000148', 'Dilli Wali Girlfriend', 5, 'Hindi', 243, 32),
(149, 'INR2019000149', 'Naacho Naacho', 6, 'Hindi', 211, 32),
(150, 'INR2019000150', 'Chaar Kadam', 7, 'Hindi', 284, 32),
(151, 'INR2018000151', 'Bekhayali', 1, 'Punjabi', 265, 33),
(152, 'INR2018000152', 'Ae Dil Hai Mushkil', 2, 'Punjabi', 237, 33),
(153, 'INR2018000153', 'Besharam Rang', 1, 'Hindi', 276, 34),
(154, 'INR2018000154', 'Channa Mereya', 2, 'Punjabi', 224, 34),
(155, 'INR2018000155', 'Balam Pichkari', 3, 'Hindi', 305, 34),
(156, 'INR2018000156', 'Raabta', 4, 'Punjabi', 269, 34),
(157, 'INR2018000157', 'Chaar Kadam', 5, 'Hindi', 249, 34),
(158, 'INR2018000158', 'Kabira', 1, 'Punjabi', 226, 35),
(159, 'INR2018000159', 'Ik Vaari Aa', 2, 'Urdu', 321, 35),
(160, 'INR2018000160', 'Ghungroo', 3, 'Hindi', 331, 35),
(161, 'INR2018000161', 'Zinda Banda', 4, 'Hindi', 182, 35),
(162, 'INR2018000162', 'Nagada Sang Dhol', 1, 'Hindi', 248, 36),
(163, 'INR2018000163', 'Bekhayali', 2, 'Urdu', 243, 36),
(164, 'INR2018000164', 'Jag Ghoomeya', 3, 'Urdu', 226, 36),
(165, 'INR2018000165', 'Malang', 4, 'Punjabi', 299, 36),
(166, 'INR2018000166', 'Naacho Naacho', 5, 'Hindi', 289, 36),
(167, 'INR2018000167', 'Deva Deva', 1, 'Punjabi', 284, 37),
(168, 'INR2018000168', 'Hawayein', 2, 'Hindi', 342, 37),
(169, 'INR2015000169', 'Hawayein', 1, 'Hindi', 222, 38),
(170, 'INR2015000170', 'Hawayein', 2, 'Urdu', 253, 38),
(171, 'INR2015000171', 'Tum Hi Ho', 3, 'Hindi', 288, 38),
(172, 'INR2014000172', 'Ik Vaari Aa', 1, 'Hindi', 358, 39),
(173, 'INR2014000173', 'Tum Se Hi', 2, 'Hindi', 183, 39),
(174, 'INR2014000174', 'Tum Hi Ho', 3, 'Punjabi', 288, 39),
(175, 'INR2014000175', 'Jhoome Jo Pathaan', 4, 'Hindi', 349, 39),
(176, 'INR2014000176', 'Dilli Wali Girlfriend', 5, 'Hindi', 294, 39),
(177, 'INR2014000177', 'Raabta', 6, 'Hindi', 237, 39),
(178, 'INR2016000178', 'Jhalak Dikhlaja', 1, 'Hindi', 270, 40),
(179, 'INR2016000179', 'Jai Ho', 2, 'Urdu', 306, 40),
(180, 'INR2016000180', 'Janam Janam', 3, 'Hindi', 275, 40),
(181, 'INR2016000181', 'Jhoome Jo Pathaan', 1, 'Hindi', 318, 41),
(182, 'INR2016000182', 'Srivalli', 2, 'Urdu', 256, 41),
(183, 'INR2016000183', 'Srivalli', 3, 'Hindi', 247, 41),
(184, 'INR2016000184', 'Tum Hi Ho', 4, 'Urdu', 341, 41),
(185, 'INR2016000185', 'Ve Maahi', 5, 'Hindi', 258, 41),
(186, 'INR2016000186', 'Jag Ghoomeya', 6, 'Urdu', 338, 41),
(187, 'INR2016000187', 'Kesariya', 7, 'Hindi', 271, 41),
(188, 'INR2017000188', 'Malang', 1, 'Hindi', 207, 42),
(189, 'INR2017000189', 'Malang', 2, 'Urdu', 227, 42),
(190, 'INR2017000190', 'Malang', 3, 'Hindi', 182, 42),
(191, 'INR2017000191', 'Jai Ho', 4, 'Hindi', 305, 42),
(192, 'INR2016000192', 'Ae Dil Hai Mushkil', 1, 'Hindi', 285, 43),
(193, 'INR2016000193', 'Ek Do Teen', 2, 'Hindi', 181, 43),
(194, 'INR2016000194', 'Zinda Banda', 3, 'Urdu', 237, 43),
(195, 'INR2016000195', 'Tum Se Hi', 4, 'Punjabi', 275, 43),
(196, 'INR2016000196', 'Bekhayali', 5, 'Hindi', 289, 43),
(197, 'INR2016000197', 'Ik Vaari Aa', 6, 'Hindi', 248, 43),
(198, 'INR2017000198', 'Janam Janam', 1, 'Punjabi', 215, 44),
(199, 'INR2017000199', 'Jai Ho', 2, 'Punjabi', 181, 44),
(200, 'INR2017000200', 'Ranjha', 3, 'Hindi', 208, 44),
(201, 'INR2017000201', 'Srivalli', 4, 'Hindi', 190, 44),
(202, 'INR2017000202', 'Tum Se Hi', 5, 'Punjabi', 287, 44),
(203, 'INR2017000203', 'Ranjha', 1, 'Punjabi', 302, 45),
(204, 'INR2017000204', 'Channa Mereya', 2, 'Urdu', 287, 45),
(205, 'INR2017000205', 'Chaar Kadam', 3, 'Hindi', 306, 45),
(206, 'INR2017000206', 'Tandav', 4, 'Urdu', 282, 45),
(207, 'INR2017000207', 'Bulleya', 5, 'Hindi', 208, 45),
(208, 'INR2017000208', 'Kal Ho Na Ho', 6, 'Hindi', 212, 45),
(209, 'INR2017000209', 'Malang', 7, 'Hindi', 308, 45),
(210, 'INR2017000210', 'Toofan', 1, 'Hindi', 289, 46),
(211, 'INR2017000211', 'Jai Ho', 2, 'Punjabi', 302, 46),
(212, 'INR2017000212', 'Srivalli', 3, 'Hindi', 304, 46),
(213, 'INR2017000213', 'Jai Ho', 4, 'Hindi', 243, 46),
(214, 'INR2017000214', 'Jhalak Dikhlaja', 5, 'Hindi', 227, 46),
(215, 'INR2017000215', 'Naacho Naacho', 6, 'Punjabi', 209, 46),
(216, 'INR2017000216', 'Jhoome Jo Pathaan', 7, 'Urdu', 350, 46),
(217, 'INR2017000217', 'Tera Ban Jaunga', 1, 'Hindi', 359, 47),
(218, 'INR2017000218', 'Ranjha', 2, 'Hindi', 331, 47),
(219, 'INR2017000219', 'Besharam Rang', 3, 'Hindi', 210, 47),
(220, 'INR2017000220', 'Tum Se Hi', 4, 'Punjabi', 189, 47),
(221, 'INR2017000221', 'Ranjha', 5, 'Urdu', 217, 47),
(222, 'INR2017000222', 'Kal Ho Na Ho', 6, 'Hindi', 337, 47),
(223, 'INR2017000223', 'Hawayein', 7, 'Urdu', 193, 47),
(224, 'INR2015000224', 'Besharam Rang', 1, 'Punjabi', 236, 48),
(225, 'INR2015000225', 'Jai Ho', 2, 'Hindi', 302, 48),
(226, 'INR2015000226', 'Jhalak Dikhlaja', 3, 'Hindi', 289, 48),
(227, 'INR2015000227', 'Deva Deva', 4, 'Punjabi', 208, 48),
(228, 'INR2015000228', 'Ilahi', 1, 'Punjabi', 243, 49),
(229, 'INR2015000229', 'Kesariya', 2, 'Hindi', 226, 49),
(230, 'INR2015000230', 'Tum Hi Ho', 3, 'Punjabi', 193, 49),
(231, 'INR2015000231', 'Ve Maahi', 4, 'Urdu', 253, 49),
(232, 'INR2015000232', 'Tera Ban Jaunga', 1, 'Hindi', 290, 50),
(233, 'INR2015000233', 'Zinda Banda', 2, 'Punjabi', 305, 50),
(234, 'INR2015000234', 'Toofan', 3, 'Hindi', 257, 50),
(235, 'INR2015000235', 'Tera Ban Jaunga', 4, 'Hindi', 351, 50),
(236, 'INR2015000236', 'Chaar Kadam', 5, 'Punjabi', 213, 50),
(237, 'INR2015000237', 'Bekhayali', 6, 'Punjabi', 272, 50),
(238, 'INR2015000238', 'Ve Maahi', 1, 'Urdu', 329, 51),
(239, 'INR2015000239', 'Hawayein', 2, 'Hindi', 207, 51),
(240, 'INR2015000240', 'Dilli Wali Girlfriend', 3, 'Hindi', 210, 51),
(241, 'INR2015000241', 'Balam Pichkari', 4, 'Hindi', 347, 51),
(242, 'INR2015000242', 'Tera Ban Jaunga', 1, 'Punjabi', 199, 52),
(243, 'INR2015000243', 'Deva Deva', 2, 'Hindi', 301, 52),
(244, 'INR2015000244', 'Ik Vaari Aa', 3, 'Hindi', 219, 52),
(245, 'INR2015000245', 'Bulleya', 4, 'Urdu', 229, 52),
(246, 'INR2015000246', 'Chaar Kadam', 5, 'Punjabi', 244, 52),
(247, 'INR2015000247', 'Channa Mereya', 1, 'Hindi', 291, 53),
(248, 'INR2015000248', 'Ghungroo', 2, 'Hindi', 287, 53),
(249, 'INR2015000249', 'Janam Janam', 3, 'Punjabi', 333, 53),
(250, 'INR2015000250', 'Bulleya', 4, 'Hindi', 254, 53),
(251, 'INR2015000251', 'Nagada Sang Dhol', 5, 'Hindi', 195, 53),
(252, 'INR2015000252', 'Tum Se Hi', 6, 'Hindi', 306, 53),
(253, 'INR2015000253', 'Janam Janam', 7, 'Urdu', 292, 53),
(254, 'INR2012000254', 'Naacho Naacho', 1, 'Hindi', 232, 54),
(255, 'INR2012000255', 'Tum Hi Ho', 2, 'Hindi', 220, 54),
(256, 'INR2012000256', 'Balam Pichkari', 3, 'Hindi', 358, 54),
(257, 'INR2012000257', 'Jhalak Dikhlaja', 4, 'Punjabi', 296, 54),
(258, 'INR2012000258', 'Deva Deva', 5, 'Punjabi', 236, 54),
(259, 'INR2012000259', 'Naacho Naacho', 6, 'Hindi', 321, 54),
(260, 'INR2012000260', 'Ik Vaari Aa', 1, 'Punjabi', 240, 55),
(261, 'INR2012000261', 'Tujhe Kitna Chahne Lage', 2, 'Hindi', 343, 55),
(262, 'INR2009000262', 'Naacho Naacho', 1, 'Hindi', 193, 56),
(263, 'INR2009000263', 'Ve Maahi', 2, 'Hindi', 316, 56),
(264, 'INR2009000264', 'Tum Hi Ho', 3, 'Punjabi', 346, 56),
(265, 'INR2008000265', 'Chaar Kadam', 1, 'Hindi', 247, 57),
(266, 'INR2008000266', 'Ilahi', 2, 'Punjabi', 336, 57),
(267, 'INR2008000267', 'Tum Hi Ho', 1, 'Hindi', 271, 58),
(268, 'INR2008000268', 'Naacho Naacho', 2, 'Punjabi', 225, 58),
(269, 'INR2008000269', 'Kal Ho Na Ho', 3, 'Hindi', 317, 58),
(270, 'INR2008000270', 'Kabira', 4, 'Punjabi', 347, 58),
(271, 'INR2008000271', 'Dilli Wali Girlfriend', 5, 'Hindi', 321, 58),
(272, 'INR2008000272', 'Saathiya', 6, 'Punjabi', 236, 58),
(273, 'INR2008000273', 'Naacho Naacho', 7, 'Urdu', 232, 58),
(274, 'INR2007000274', 'Jai Ho', 1, 'Hindi', 274, 59),
(275, 'INR2007000275', 'Ghungroo', 2, 'Urdu', 203, 59),
(276, 'INR2007000276', 'Dilbaro', 3, 'Hindi', 297, 59),
(277, 'INR2007000277', 'Ek Do Teen', 1, 'Punjabi', 226, 60),
(278, 'INR2007000278', 'Kal Ho Na Ho', 2, 'Hindi', 259, 60),
(279, 'INR2007000279', 'Dilbaro', 3, 'Hindi', 280, 60),
(280, 'INR2007000280', 'Raataan Lambiyan', 4, 'Hindi', 216, 60),
(281, 'INR2007000281', 'Jai Ho', 5, 'Urdu', 242, 60),
(282, 'INR2007000282', 'Tum Se Hi', 6, 'Hindi', 205, 60),
(283, 'INR2007000283', 'Kabira', 1, 'Hindi', 278, 61),
(284, 'INR2007000284', 'Channa Mereya', 2, 'Hindi', 183, 61),
(285, 'INR2006000285', 'Naacho Naacho', 1, 'Hindi', 216, 62),
(286, 'INR2006000286', 'Tum Hi Ho', 2, 'Punjabi', 207, 62),
(287, 'INR2006000287', 'Ghungroo', 1, 'Urdu', 324, 63),
(288, 'INR2006000288', 'Janam Janam', 2, 'Punjabi', 258, 63),
(289, 'INR2006000289', 'Ghungroo', 3, 'Hindi', 219, 63),
(290, 'INR2005000290', 'Naacho Naacho', 1, 'Hindi', 340, 64),
(291, 'INR2005000291', 'Kal Ho Na Ho', 2, 'Hindi', 191, 64),
(292, 'INR2005000292', 'Ik Vaari Aa', 3, 'Hindi', 255, 64),
(293, 'INR2005000293', 'Jhalak Dikhlaja', 4, 'Hindi', 286, 64),
(294, 'INR2005000294', 'Tum Hi Ho', 5, 'Hindi', 237, 64),
(295, 'INR2005000295', 'Besharam Rang', 6, 'Urdu', 289, 64),
(296, 'INR2005000296', 'Ae Dil Hai Mushkil', 7, 'Punjabi', 270, 64),
(297, 'INR2004000297', 'Kabira', 1, 'Hindi', 355, 65),
(298, 'INR2004000298', 'Ek Do Teen', 2, 'Hindi', 223, 65),
(299, 'INR2004000299', 'Besharam Rang', 3, 'Punjabi', 206, 65),
(300, 'INR2004000300', 'Malang', 4, 'Punjabi', 199, 65),
(301, 'INR2004000301', 'Channa Mereya', 5, 'Hindi', 272, 65),
(302, 'INR2004000302', 'Tujhe Kitna Chahne Lage', 6, 'Hindi', 334, 65),
(303, 'INR2004000303', 'Dilbaro', 7, 'Punjabi', 289, 65),
(304, 'INR2003000304', 'Ae Dil Hai Mushkil', 1, 'Punjabi', 350, 66),
(305, 'INR2003000305', 'Banno', 2, 'Punjabi', 253, 66),
(306, 'INR2003000306', 'Tera Ban Jaunga', 3, 'Urdu', 249, 66),
(307, 'INR2003000307', 'Bekhayali', 4, 'Hindi', 247, 66),
(308, 'INR2003000308', 'Tum Hi Ho', 5, 'Hindi', 218, 66),
(309, 'INR2002000309', 'Saathiya', 1, 'Hindi', 302, 67),
(310, 'INR2002000310', 'Channa Mereya', 2, 'Urdu', 327, 67),
(311, 'INR2002000311', 'Naacho Naacho', 3, 'Hindi', 217, 67),
(312, 'INR2002000312', 'Tandav', 4, 'Hindi', 212, 67),
(313, 'INR2002000313', 'Kabira', 5, 'Punjabi', 270, 67),
(314, 'INR2001000314', 'Ilahi', 1, 'Punjabi', 334, 68),
(315, 'INR2001000315', 'Bulleya', 2, 'Hindi', 347, 68),
(316, 'INR2001000316', 'Kabira', 3, 'Urdu', 287, 68),
(317, 'INR2001000317', 'Ik Vaari Aa', 4, 'Urdu', 316, 68),
(318, 'INR2001000318', 'Ik Vaari Aa', 5, 'Hindi', 317, 68),
(319, 'INR2001000319', 'Ilahi', 1, 'Hindi', 314, 69),
(320, 'INR2001000320', 'Hawayein', 2, 'Punjabi', 240, 69),
(321, 'INR2001000321', 'Tum Hi Ho', 3, 'Hindi', 232, 69),
(322, 'INR2001000322', 'Bekhayali', 4, 'Urdu', 322, 69),
(323, 'INR2001000323', 'Bulleya', 5, 'Hindi', 208, 69),
(324, 'INR2001000324', 'Malang', 6, 'Hindi', 272, 69),
(325, 'INR2004000325', 'Chaar Kadam', 1, 'Hindi', 287, 70),
(326, 'INR2004000326', 'Ve Maahi', 2, 'Hindi', 237, 70),
(327, 'INR2004000327', 'Bulleya', 3, 'Hindi', 210, 70),
(328, 'INR2006000328', 'Jai Ho', 1, 'Hindi', 275, 71),
(329, 'INR2006000329', 'Tera Ban Jaunga', 2, 'Hindi', 349, 71),
(330, 'INR2013000330', 'Janam Janam', 1, 'Hindi', 187, 72),
(331, 'INR2013000331', 'Bekhayali', 2, 'Hindi', 216, 72),
(332, 'INR2013000332', 'Jhoome Jo Pathaan', 3, 'Hindi', 199, 72),
(333, 'INR2013000333', 'Nagada Sang Dhol', 4, 'Hindi', 286, 72),
(334, 'INR2013000334', 'Dilbaro', 5, 'Hindi', 300, 72),
(335, 'INR2013000335', 'Raabta', 6, 'Punjabi', 358, 72),
(336, 'INR2006000336', 'Toofan', 1, 'Hindi', 293, 73),
(337, 'INR2006000337', 'Srivalli', 2, 'Hindi', 208, 73),
(338, 'INR2006000338', 'Kesariya', 3, 'Hindi', 344, 73),
(339, 'INR2006000339', 'Dilli Wali Girlfriend', 4, 'Hindi', 224, 73),
(340, 'INR2006000340', 'Tum Hi Ho', 5, 'Urdu', 281, 73),
(341, 'INR2006000341', 'Jag Ghoomeya', 6, 'Punjabi', 321, 73),
(342, 'INR2006000342', 'Nagada Sang Dhol', 7, 'Punjabi', 308, 73),
(343, 'INR2013000343', 'Naacho Naacho', 1, 'Urdu', 203, 74),
(344, 'INR2013000344', 'Bulleya', 2, 'Urdu', 234, 74),
(345, 'INR2013000345', 'Banno', 3, 'Hindi', 194, 74),
(346, 'INR2017000346', 'Chaar Kadam', 1, 'Hindi', 334, 75),
(347, 'INR2017000347', 'Jag Ghoomeya', 2, 'Punjabi', 302, 75),
(348, 'INR2017000348', 'Tum Se Hi', 3, 'Hindi', 277, 75),
(349, 'INR2017000349', 'Kesariya', 4, 'Urdu', 275, 75),
(350, 'INR2017000350', 'Ranjha', 5, 'Hindi', 249, 75),
(351, 'INR2017000351', 'Tera Ban Jaunga', 6, 'Punjabi', 199, 75),
(352, 'INR2017000352', 'Dilli Wali Girlfriend', 7, 'Hindi', 265, 75),
(353, 'INR2016000353', 'Ik Vaari Aa', 1, 'Hindi', 207, 76),
(354, 'INR2016000354', 'Ve Maahi', 2, 'Hindi', 332, 76),
(355, 'INR2016000355', 'Deva Deva', 3, 'Hindi', 228, 76),
(356, 'INR2016000356', 'Hawayein', 1, 'Hindi', 325, 77),
(357, 'INR2016000357', 'Nagada Sang Dhol', 2, 'Hindi', 303, 77),
(358, 'INR2016000358', 'Kesariya', 3, 'Hindi', 260, 77),
(359, 'INR2016000359', 'Deva Deva', 4, 'Punjabi', 182, 77),
(360, 'INR2016000360', 'Jhalak Dikhlaja', 1, 'Punjabi', 229, 78),
(361, 'INR2016000361', 'Tum Se Hi', 2, 'Hindi', 271, 78),
(362, 'INR2016000362', 'Tera Ban Jaunga', 3, 'Urdu', 264, 78),
(363, 'INR2016000363', 'Jhalak Dikhlaja', 4, 'Hindi', 205, 78),
(364, 'INR2016000364', 'Kal Ho Na Ho', 5, 'Urdu', 330, 78),
(365, 'INR2016000365', 'Srivalli', 1, 'Hindi', 221, 79),
(366, 'INR2016000366', 'Jag Ghoomeya', 2, 'Hindi', 200, 79),
(367, 'INR2015000367', 'Ae Dil Hai Mushkil', 1, 'Punjabi', 221, 80),
(368, 'INR2015000368', 'Saathiya', 2, 'Punjabi', 213, 80),
(369, 'INR2015000369', 'Srivalli', 3, 'Urdu', 272, 80),
(370, 'INR2012000370', 'Kabira', 1, 'Hindi', 241, 81),
(371, 'INR2012000371', 'Banno', 2, 'Hindi', 335, 81),
(372, 'INR2012000372', 'Ae Dil Hai Mushkil', 3, 'Urdu', 325, 81),
(373, 'INR2012000373', 'Tera Ban Jaunga', 4, 'Hindi', 183, 81),
(374, 'INR2012000374', 'Deva Deva', 5, 'Hindi', 320, 81),
(375, 'INR2012000375', 'Ek Do Teen', 6, 'Urdu', 204, 81),
(376, 'INR2012000376', 'Tandav', 7, 'Punjabi', 223, 81),
(377, 'INR2012000377', 'Nagada Sang Dhol', 1, 'Punjabi', 273, 82),
(378, 'INR2012000378', 'Hawayein', 2, 'Hindi', 198, 82),
(379, 'INR2012000379', 'Jag Ghoomeya', 3, 'Urdu', 246, 82),
(380, 'INR2012000380', 'Zinda Banda', 4, 'Hindi', 293, 82),
(381, 'INR2012000381', 'Tujhe Kitna Chahne Lage', 1, 'Punjabi', 273, 83),
(382, 'INR2012000382', 'Tum Se Hi', 2, 'Hindi', 284, 83),
(383, 'INR2012000383', 'Saathiya', 3, 'Punjabi', 273, 83),
(384, 'INR2012000384', 'Bekhayali', 4, 'Urdu', 201, 83),
(385, 'INR2012000385', 'Jhalak Dikhlaja', 5, 'Punjabi', 295, 83),
(386, 'INR2012000386', 'Kesariya', 1, 'Hindi', 242, 84),
(387, 'INR2012000387', 'Ae Dil Hai Mushkil', 2, 'Punjabi', 206, 84),
(388, 'INR2012000388', 'Kabira', 3, 'Urdu', 220, 84),
(389, 'INR2012000389', 'Raataan Lambiyan', 4, 'Urdu', 237, 84),
(390, 'INR2012000390', 'Jag Ghoomeya', 5, 'Hindi', 351, 84),
(391, 'INR2012000391', 'Malang', 6, 'Urdu', 299, 84),
(392, 'INR2012000392', 'Ik Vaari Aa', 7, 'Hindi', 299, 84),
(393, 'INR2012000393', 'Tera Ban Jaunga', 1, 'Urdu', 281, 85),
(394, 'INR2012000394', 'Ranjha', 2, 'Punjabi', 282, 85),
(395, 'INR2012000395', 'Raataan Lambiyan', 3, 'Punjabi', 261, 85),
(396, 'INR2012000396', 'Dilli Wali Girlfriend', 4, 'Hindi', 304, 85),
(397, 'INR2012000397', 'Ghungroo', 5, 'Punjabi', 209, 85),
(398, 'INR2012000398', 'Jag Ghoomeya', 6, 'Hindi', 189, 85),
(399, 'INR2012000399', 'Ghungroo', 7, 'Hindi', 217, 85),
(400, 'INR2012000400', 'Dilli Wali Girlfriend', 1, 'Hindi', 277, 86),
(401, 'INR2012000401', 'Bekhayali', 2, 'Urdu', 290, 86),
(402, 'INR2009000402', 'Kal Ho Na Ho', 1, 'Urdu', 355, 87),
(403, 'INR2009000403', 'Naacho Naacho', 2, 'Hindi', 244, 87),
(404, 'INR2009000404', 'Hawayein', 3, 'Hindi', 216, 87),
(405, 'INR2009000405', 'Deva Deva', 1, 'Urdu', 295, 88),
(406, 'INR2009000406', 'Raabta', 2, 'Punjabi', 234, 88),
(407, 'INR2009000407', 'Hawayein', 1, 'Punjabi', 289, 89),
(408, 'INR2009000408', 'Deva Deva', 2, 'Hindi', 222, 89),
(409, 'INR2008000409', 'Ghungroo', 1, 'Hindi', 301, 90),
(410, 'INR2008000410', 'Jai Ho', 2, 'Urdu', 270, 90),
(411, 'INR2008000411', 'Tum Hi Ho', 3, 'Hindi', 323, 90),
(412, 'INR2008000412', 'Raataan Lambiyan', 4, 'Hindi', 350, 90),
(413, 'INR2008000413', 'Tandav', 5, 'Punjabi', 350, 90),
(414, 'INR2008000414', 'Ae Dil Hai Mushkil', 1, 'Punjabi', 307, 91),
(415, 'INR2008000415', 'Channa Mereya', 2, 'Urdu', 352, 91),
(416, 'INR2008000416', 'Zinda Banda', 3, 'Hindi', 313, 91),
(417, 'INR2008000417', 'Saathiya', 4, 'Urdu', 212, 91),
(418, 'INR2008000418', 'Balam Pichkari', 5, 'Hindi', 204, 91),
(419, 'INR2008000419', 'Ilahi', 1, 'Hindi', 358, 92),
(420, 'INR2008000420', 'Dilli Wali Girlfriend', 2, 'Hindi', 276, 92),
(421, 'INR2008000421', 'Malang', 3, 'Hindi', 233, 92),
(422, 'INR2007000422', 'Kal Ho Na Ho', 1, 'Punjabi', 257, 93),
(423, 'INR2007000423', 'Jhalak Dikhlaja', 2, 'Urdu', 211, 93),
(424, 'INR2007000424', 'Jag Ghoomeya', 3, 'Urdu', 285, 93),
(425, 'INR2007000425', 'Malang', 4, 'Urdu', 270, 93),
(426, 'INR2016000426', 'Jag Ghoomeya', 1, 'Punjabi', 289, 94),
(427, 'INR2016000427', 'Dilbaro', 2, 'Hindi', 321, 94),
(428, 'INR2016000428', 'Ik Vaari Aa', 3, 'Urdu', 291, 94),
(429, 'INR2015000429', 'Jai Ho', 1, 'Punjabi', 342, 95),
(430, 'INR2015000430', 'Banno', 2, 'Hindi', 205, 95),
(431, 'INR2015000431', 'Tera Ban Jaunga', 3, 'Hindi', 202, 95),
(432, 'INR2015000432', 'Banno', 4, 'Hindi', 285, 95),
(433, 'INR2015000433', 'Ek Do Teen', 5, 'Hindi', 339, 95),
(434, 'INR2015000434', 'Saathiya', 6, 'Hindi', 308, 95),
(435, 'INR2015000435', 'Srivalli', 7, 'Hindi', 287, 95),
(436, 'INR2003000436', 'Chaar Kadam', 1, 'Hindi', 277, 96),
(437, 'INR2003000437', 'Ranjha', 2, 'Hindi', 300, 96),
(438, 'INR2003000438', 'Malang', 3, 'Urdu', 298, 96),
(439, 'INR2003000439', 'Tum Se Hi', 4, 'Punjabi', 181, 96),
(440, 'INR2003000440', 'Besharam Rang', 5, 'Punjabi', 309, 96),
(441, 'INR2017000441', 'Zinda Banda', 1, 'Urdu', 258, 97),
(442, 'INR2017000442', 'Jhoome Jo Pathaan', 2, 'Urdu', 181, 97),
(443, 'INR2017000443', 'Tujhe Kitna Chahne Lage', 3, 'Hindi', 183, 97),
(444, 'INR2017000444', 'Ae Dil Hai Mushkil', 4, 'Punjabi', 275, 97),
(445, 'INR2017000445', 'Toofan', 5, 'Urdu', 223, 97),
(446, 'INR2017000446', 'Jhoome Jo Pathaan', 6, 'Urdu', 322, 97),
(447, 'INR2017000447', 'Ranjha', 7, 'Urdu', 337, 97),
(448, 'INR2016000448', 'Jai Ho', 1, 'Urdu', 212, 98),
(449, 'INR2016000449', 'Dilbaro', 2, 'Punjabi', 283, 98),
(450, 'INR2016000450', 'Raabta', 3, 'Urdu', 220, 98),
(451, 'INR2016000451', 'Besharam Rang', 4, 'Hindi', 205, 98),
(452, 'INR2016000452', 'Jhalak Dikhlaja', 5, 'Urdu', 210, 98),
(453, 'INR2016000453', 'Zinda Banda', 6, 'Hindi', 321, 98),
(454, 'INR2019000454', 'Hawayein', 1, 'Urdu', 186, 99),
(455, 'INR2019000455', 'Tum Hi Ho', 2, 'Hindi', 340, 99),
(456, 'INR2017000456', 'Ik Vaari Aa', 1, 'Urdu', 200, 100),
(457, 'INR2017000457', 'Kal Ho Na Ho', 2, 'Urdu', 213, 100),
(458, 'INR2017000458', 'Malang', 3, 'Hindi', 227, 100),
(459, 'INR2017000459', 'Besharam Rang', 4, 'Hindi', 256, 100),
(460, 'INR2017000460', 'Ik Vaari Aa', 5, 'Urdu', 242, 100),
(461, 'INR2017000461', 'Zinda Banda', 6, 'Hindi', 348, 100),
(462, 'INR2017000462', 'Naacho Naacho', 7, 'Hindi', 201, 100),
(463, 'INR2017000463', 'Tera Ban Jaunga', 1, 'Urdu', 208, 101),
(464, 'INR2017000464', 'Dilli Wali Girlfriend', 2, 'Hindi', 211, 101),
(465, 'INR2017000465', 'Ae Dil Hai Mushkil', 3, 'Punjabi', 252, 101),
(466, 'INR2017000466', 'Dilbaro', 4, 'Hindi', 203, 101),
(467, 'INR2017000467', 'Ek Do Teen', 5, 'Hindi', 272, 101),
(468, 'INR2017000468', 'Tum Se Hi', 6, 'Urdu', 205, 101),
(469, 'INR2017000469', 'Ek Do Teen', 1, 'Hindi', 340, 102),
(470, 'INR2017000470', 'Ve Maahi', 2, 'Urdu', 355, 102),
(471, 'INR2017000471', 'Saathiya', 1, 'Hindi', 221, 103),
(472, 'INR2017000472', 'Deva Deva', 2, 'Hindi', 182, 103),
(473, 'INR2017000473', 'Nagada Sang Dhol', 3, 'Hindi', 341, 103),
(474, 'INR2017000474', 'Channa Mereya', 4, 'Punjabi', 267, 103),
(475, 'INR2017000475', 'Ik Vaari Aa', 1, 'Hindi', 181, 104),
(476, 'INR2017000476', 'Raabta', 2, 'Hindi', 245, 104),
(477, 'INR2017000477', 'Ranjha', 3, 'Hindi', 335, 104),
(478, 'INR2017000478', 'Ik Vaari Aa', 4, 'Hindi', 185, 104),
(479, 'INR2017000479', 'Ve Maahi', 5, 'Hindi', 273, 104),
(480, 'INR2017000480', 'Ve Maahi', 6, 'Punjabi', 187, 104),
(481, 'INR2017000481', 'Bulleya', 1, 'Punjabi', 248, 105),
(482, 'INR2017000482', 'Ghungroo', 2, 'Hindi', 231, 105),
(483, 'INR2017000483', 'Srivalli', 1, 'Urdu', 299, 106),
(484, 'INR2017000484', 'Jai Ho', 2, 'Urdu', 311, 106),
(485, 'INR2017000485', 'Ranjha', 3, 'Hindi', 244, 106),
(486, 'INR2017000486', 'Ranjha', 4, 'Punjabi', 355, 106),
(487, 'INR2017000487', 'Tum Se Hi', 5, 'Punjabi', 206, 106),
(488, 'INR2017000488', 'Janam Janam', 6, 'Urdu', 232, 106),
(489, 'INR2024000489', 'Jai Ho', 1, 'Punjabi', 332, 107),
(490, 'INR2024000490', 'Tandav', 2, 'Hindi', 339, 107),
(491, 'INR2024000491', 'Dilli Wali Girlfriend', 3, 'Urdu', 278, 107),
(492, 'INR2024000492', 'Ranjha', 4, 'Punjabi', 325, 107),
(493, 'INR2024000493', 'Bekhayali', 5, 'Hindi', 341, 107),
(494, 'INR2024000494', 'Jhalak Dikhlaja', 1, 'Urdu', 244, 108),
(495, 'INR2024000495', 'Srivalli', 2, 'Punjabi', 334, 108);

-- =========================
-- 7. CENSOR CERTIFICATES
-- =========================

INSERT INTO CENSOR_CERTIFICATE (movie_id, censor_id, issue_date, cuts_ordered, certificate_type) VALUES
(1, 2, '2022-12-05', 0, 'UA'),
(2, 2, '2023-08-07', 0, 'UA'),
(3, 1, '2023-11-24', 0, 'UA'),
(4, 2, '2023-10-11', 2, 'A'),
(5, 1, '2023-10-24', 3, 'A'),
(6, 1, '2023-09-17', 0, 'UA'),
(7, 2, '2024-02-27', 0, 'UA'),
(8, 1, '2024-06-23', 0, 'UA'),
(9, 1, '2023-12-26', 0, 'UA'),
(10, 1, '2023-06-05', 0, 'UA'),
(11, 1, '2022-08-26', 0, 'UA'),
(12, 1, '2022-02-23', 3, 'A'),
(13, 1, '2022-01-24', 3, 'A'),
(14, 2, '2022-03-25', 0, 'UA'),
(15, 1, '2022-10-23', 0, 'UA'),
(16, 1, '2022-09-19', 0, 'A'),
(17, 1, '2022-07-29', 0, 'U'),
(18, 1, '2021-06-25', 0, 'UA'),
(19, 1, '2021-06-02', 0, 'UA'),
(20, 1, '2021-10-21', 0, 'UA'),
(21, 1, '2021-11-20', 0, 'UA'),
(22, 1, '2021-12-07', 0, 'UA'),
(23, 2, '2019-12-15', 0, 'UA'),
(24, 1, '2020-01-14', 3, 'A'),
(25, 2, '2019-07-18', 0, 'UA'),
(26, 2, '2019-09-05', 0, 'UA'),
(27, 1, '2019-05-26', 2, 'A'),
(28, 1, '2019-01-21', 0, 'UA'),
(29, 1, '2018-12-15', 0, 'UA'),
(30, 2, '2019-01-11', 3, 'A'),
(31, 2, '2019-08-02', 0, 'U'),
(32, 1, '2019-09-29', 0, 'UA'),
(33, 1, '2018-11-20', 0, 'UA'),
(34, 1, '2017-12-15', 0, 'UA'),
(35, 2, '2018-03-23', 0, 'UA'),
(36, 2, '2018-08-15', 1, 'A'),
(37, 1, '2018-10-03', 0, 'UA'),
(38, 2, '2015-06-03', 0, 'U'),
(39, 1, '2014-11-26', 0, 'UA'),
(40, 2, '2016-11-15', 0, 'U'),
(41, 1, '2016-06-20', 0, 'UA'),
(42, 1, '2017-12-08', 0, 'UA'),
(43, 2, '2016-09-12', 0, 'UA'),
(44, 2, '2017-01-14', 3, 'A'),
(45, 1, '2017-06-04', 0, 'U'),
(46, 2, '2017-10-07', 0, 'U'),
(47, 1, '2017-09-23', 0, 'UA'),
(48, 2, '2015-10-25', 0, 'UA'),
(49, 1, '2015-11-13', 0, 'U'),
(50, 2, '2015-04-24', 0, 'UA'),
(51, 2, '2015-04-12', 0, 'UA'),
(52, 1, '2015-05-15', 0, 'U'),
(53, 1, '2015-05-27', 0, 'UA'),
(54, 2, '2012-10-09', 0, 'UA'),
(55, 2, '2012-06-22', 0, 'UA'),
(56, 2, '2009-12-08', 0, 'U'),
(57, 2, '2008-11-02', 2, 'A'),
(58, 1, '2008-11-07', 0, 'U'),
(59, 1, '2007-11-01', 0, 'U'),
(60, 2, '2007-10-07', 0, 'UA'),
(61, 2, '2007-07-26', 0, 'U'),
(62, 2, '2006-08-23', 0, 'UA'),
(63, 1, '2005-12-06', 0, 'UA'),
(64, 1, '2005-01-14', 0, 'UA'),
(65, 1, '2004-10-09', 0, 'U'),
(66, 2, '2003-10-30', 0, 'U'),
(67, 2, '2002-05-23', 0, 'A'),
(68, 1, '2001-05-05', 0, 'U'),
(69, 2, '2001-10-25', 0, 'U'),
(70, 1, '2004-05-06', 0, 'UA'),
(71, 1, '2006-11-06', 0, 'UA'),
(72, 1, '2013-11-28', 0, 'UA'),
(73, 1, '2006-04-28', 0, 'U'),
(74, 2, '2013-09-21', 0, 'UA'),
(75, 2, '2017-04-14', 0, 'UA'),
(76, 2, '2016-08-20', 0, 'UA'),
(77, 1, '2016-01-11', 0, 'UA'),
(78, 2, '2016-09-03', 2, 'A'),
(79, 1, '2016-01-18', 0, 'UA'),
(80, 1, '2015-09-01', 3, 'A'),
(81, 2, '2012-10-10', 0, 'UA'),
(82, 1, '2012-01-16', 0, 'UA'),
(83, 1, '2012-07-19', 0, 'U'),
(84, 1, '2012-06-10', 0, 'A'),
(85, 1, '2011-12-06', 3, 'A'),
(86, 1, '2012-10-04', 0, 'UA'),
(87, 1, '2009-06-21', 1, 'A'),
(88, 1, '2009-01-16', 0, 'A'),
(89, 1, '2009-01-22', 0, 'U'),
(90, 1, '2008-10-06', 0, 'UA'),
(91, 1, '2007-12-30', 0, 'U'),
(92, 1, '2008-02-06', 0, 'UA'),
(93, 1, '2006-12-02', 0, 'UA'),
(94, 1, '2016-05-20', 0, 'UA'),
(95, 2, '2015-06-24', 0, 'UA'),
(96, 2, '2003-07-24', 0, 'U'),
(97, 1, '2017-01-11', 0, 'UA'),
(98, 1, '2016-06-20', 0, 'UA'),
(99, 1, '2019-06-12', 0, 'U'),
(100, 1, '2017-06-14', 0, 'U'),
(101, 1, '2017-01-22', 0, 'UA'),
(102, 1, '2017-08-29', 0, 'UA'),
(103, 2, '2017-05-02', 0, 'UA'),
(104, 2, '2017-07-09', 0, 'UA'),
(105, 2, '2017-09-02', 0, 'UA'),
(106, 1, '2017-07-18', 0, 'UA'),
(109, 1, '2024-11-10', 3, 'A'),
(110, 1, '2024-12-02', 0, 'UA');

-- =========================
-- 8. DISTRIBUTION RIGHTS
-- =========================

INSERT INTO DISTRIBUTION_RIGHT (movie_id, distributor_id, start_date, end_date, territory) VALUES
(1, 1, '2023-01-25', '2024-07-26', 'South India'),
(1, 7, '2023-01-25', '2026-01-04', 'Pan India'),
(1, 11, '2023-01-25', '2024-10-28', 'Australia'),
(1, 10, '2023-01-25', '2026-01-02', 'Middle East'),
(1, 10, '2023-01-25', '2024-04-24', 'UK'),
(2, 10, '2023-09-07', '2025-09-11', 'North India'),
(2, 5, '2023-09-07', '2024-10-30', 'Middle East'),
(2, 8, '2023-09-07', '2025-03-05', 'Southeast Asia'),
(3, 6, '2023-12-21', '2026-09-12', 'West India'),
(3, 9, '2023-12-21', '2025-06-18', 'East India'),
(3, 2, '2023-12-21', '2025-08-17', 'UK'),
(3, 4, '2023-12-21', '2026-11-13', 'South India'),
(4, 4, '2023-12-01', '2025-12-19', 'North India'),
(4, 1, '2023-12-01', '2026-02-19', 'East India'),
(4, 3, '2023-12-01', '2025-12-31', 'UK'),
(5, 1, '2023-12-22', '2026-11-29', 'West India'),
(5, 8, '2023-12-22', '2026-02-22', 'East India'),
(5, 10, '2023-12-22', '2025-05-30', 'North America'),
(5, 2, '2023-12-22', '2026-02-15', 'North India'),
(6, 4, '2023-11-12', '2025-10-12', 'West India'),
(6, 10, '2023-11-12', '2024-11-16', 'Pan India'),
(6, 12, '2023-11-12', '2026-04-11', 'UK'),
(6, 12, '2023-11-12', '2025-02-19', 'North America'),
(6, 12, '2023-11-12', '2026-01-01', 'North India'),
(7, 11, '2024-04-10', '2026-02-16', 'Pan India'),
(7, 8, '2024-04-10', '2026-07-28', 'Australia'),
(8, 12, '2024-08-15', '2026-07-21', 'Australia'),
(8, 12, '2024-08-15', '2027-05-04', 'Pan India'),
(8, 12, '2024-08-15', '2025-10-10', 'North India'),
(8, 6, '2024-08-15', '2026-12-04', 'East India'),
(9, 9, '2024-01-25', '2025-05-20', 'South India'),
(9, 12, '2024-01-25', '2025-09-11', 'North America'),
(9, 5, '2024-01-25', '2025-03-20', 'East India'),
(10, 11, '2023-07-28', '2026-01-23', 'Australia'),
(10, 4, '2023-07-28', '2025-11-07', 'Middle East'),
(11, 2, '2022-09-09', '2025-08-22', 'North India'),
(11, 9, '2022-09-09', '2025-06-12', 'Southeast Asia'),
(11, 8, '2022-09-09', '2024-08-29', 'South India'),
(11, 5, '2022-09-09', '2024-03-20', 'Australia'),
(12, 10, '2022-03-11', '2025-01-20', 'UK'),
(12, 5, '2022-03-11', '2023-09-02', 'North America'),
(12, 1, '2022-03-11', '2023-08-09', 'Middle East'),
(12, 10, '2022-03-11', '2023-08-22', 'East India'),
(13, 6, '2022-02-25', '2024-10-05', 'East India'),
(13, 4, '2022-02-25', '2024-09-22', 'North India'),
(13, 3, '2022-02-25', '2024-03-12', 'Pan India'),
(14, 8, '2022-05-20', '2023-10-15', 'Pan India'),
(14, 11, '2022-05-20', '2025-05-11', 'UK'),
(15, 11, '2022-11-18', '2025-06-04', 'North America'),
(15, 8, '2022-11-18', '2024-11-17', 'North India'),
(15, 10, '2022-11-18', '2025-05-10', 'Australia'),
(15, 4, '2022-11-18', '2023-12-11', 'Pan India'),
(15, 9, '2022-11-18', '2024-12-25', 'Middle East'),
(16, 7, '2022-09-30', '2024-10-15', 'UK'),
(16, 8, '2022-09-30', '2025-04-26', 'South India'),
(16, 12, '2022-09-30', '2024-11-28', 'Southeast Asia'),
(16, 12, '2022-09-30', '2024-11-27', 'Middle East'),
(17, 9, '2022-08-11', '2024-07-19', 'East India'),
(17, 1, '2022-08-11', '2024-10-03', 'West India'),
(17, 12, '2022-08-11', '2025-03-14', 'Australia'),
(18, 5, '2021-08-12', '2024-04-02', 'Middle East'),
(18, 4, '2021-08-12', '2022-09-08', 'Australia'),
(18, 2, '2021-08-12', '2024-06-11', 'Pan India'),
(18, 1, '2021-08-12', '2022-12-12', 'UK'),
(19, 5, '2021-07-27', '2024-04-30', 'Southeast Asia'),
(19, 9, '2021-07-27', '2024-03-07', 'Australia'),
(19, 3, '2021-07-27', '2023-06-19', 'UK'),
(19, 3, '2021-07-27', '2022-09-19', 'Middle East'),
(20, 9, '2021-11-05', '2024-08-20', 'West India'),
(20, 2, '2021-11-05', '2024-07-10', 'Southeast Asia'),
(21, 10, '2021-12-24', '2023-12-19', 'West India'),
(21, 6, '2021-12-24', '2024-05-03', 'North America'),
(21, 2, '2021-12-24', '2023-08-04', 'North India'),
(21, 9, '2021-12-24', '2024-09-12', 'Southeast Asia'),
(22, 8, '2021-12-24', '2023-12-15', 'South India'),
(22, 10, '2021-12-24', '2024-06-11', 'Pan India'),
(23, 12, '2020-01-10', '2021-06-03', 'East India'),
(23, 2, '2020-01-10', '2022-03-20', 'South India'),
(24, 9, '2020-03-06', '2022-11-03', 'Pan India'),
(24, 1, '2020-03-06', '2021-05-12', 'East India'),
(24, 2, '2020-03-06', '2022-11-12', 'North India'),
(24, 11, '2020-03-06', '2022-02-28', 'Southeast Asia'),
(24, 10, '2020-03-06', '2022-02-25', 'North America'),
(25, 9, '2019-09-06', '2021-04-15', 'North India'),
(25, 12, '2019-09-06', '2020-12-15', 'Pan India'),
(26, 2, '2019-10-02', '2021-04-04', 'Southeast Asia'),
(26, 7, '2019-10-02', '2021-01-24', 'South India'),
(26, 8, '2019-10-02', '2021-10-05', 'Australia'),
(26, 6, '2019-10-02', '2022-02-18', 'North America'),
(27, 4, '2019-06-21', '2020-08-30', 'East India'),
(27, 11, '2019-06-21', '2021-11-05', 'Middle East'),
(27, 2, '2019-06-21', '2020-11-13', 'UK'),
(27, 12, '2019-06-21', '2020-12-09', 'South India'),
(27, 4, '2019-06-21', '2022-02-19', 'Southeast Asia'),
(28, 11, '2019-03-21', '2021-11-27', 'West India'),
(28, 8, '2019-03-21', '2020-07-08', 'Southeast Asia'),
(28, 11, '2019-03-21', '2020-08-04', 'UK'),
(28, 8, '2019-03-21', '2022-02-12', 'South India'),
(28, 3, '2019-03-21', '2021-01-24', 'East India'),
(29, 5, '2019-01-11', '2021-07-19', 'East India'),
(29, 1, '2019-01-11', '2021-03-26', 'West India'),
(29, 8, '2019-01-11', '2021-04-25', 'Australia'),
(29, 12, '2019-01-11', '2020-06-27', 'Southeast Asia'),
(29, 8, '2019-01-11', '2020-05-02', 'Middle East'),
(30, 8, '2019-02-14', '2021-10-11', 'Middle East'),
(30, 6, '2019-02-14', '2020-04-16', 'South India'),
(30, 6, '2019-02-14', '2021-10-03', 'Pan India'),
(30, 7, '2019-02-14', '2020-05-23', 'East India'),
(30, 6, '2019-02-14', '2020-04-11', 'Southeast Asia'),
(31, 2, '2019-08-15', '2021-07-25', 'North India'),
(31, 8, '2019-08-15', '2022-06-18', 'West India'),
(32, 7, '2019-10-25', '2022-05-31', 'Pan India'),
(32, 2, '2019-10-25', '2022-10-01', 'Australia'),
(32, 3, '2019-10-25', '2022-07-15', 'Southeast Asia'),
(32, 8, '2019-10-25', '2022-08-05', 'South India'),
(33, 7, '2018-12-28', '2020-08-15', 'West India'),
(33, 10, '2018-12-28', '2020-12-06', 'Pan India'),
(33, 7, '2018-12-28', '2020-07-29', 'Southeast Asia'),
(33, 9, '2018-12-28', '2020-10-30', 'Australia'),
(34, 3, '2018-01-25', '2019-02-13', 'UK'),
(34, 5, '2018-01-25', '2020-11-08', 'West India'),
(34, 9, '2018-01-25', '2019-08-18', 'Australia'),
(34, 12, '2018-01-25', '2020-12-26', 'North America'),
(34, 2, '2018-01-25', '2020-11-04', 'Middle East'),
(35, 4, '2018-05-11', '2019-09-04', 'West India'),
(35, 8, '2018-05-11', '2020-09-19', 'East India'),
(35, 4, '2018-05-11', '2019-10-21', 'UK'),
(36, 1, '2018-10-05', '2019-12-29', 'Pan India'),
(36, 7, '2018-10-05', '2020-10-11', 'Australia'),
(36, 4, '2018-10-05', '2020-01-27', 'Southeast Asia'),
(37, 6, '2018-10-19', '2021-06-08', 'North India'),
(37, 7, '2018-10-19', '2020-05-29', 'East India'),
(37, 8, '2018-10-19', '2020-12-10', 'Southeast Asia'),
(37, 9, '2018-10-19', '2020-11-05', 'UK'),
(37, 11, '2018-10-19', '2020-06-27', 'South India'),
(38, 11, '2015-07-17', '2018-03-28', 'Australia'),
(38, 12, '2015-07-17', '2018-06-03', 'North America'),
(38, 11, '2015-07-17', '2018-07-03', 'West India'),
(38, 9, '2015-07-17', '2017-03-15', 'Pan India'),
(39, 4, '2014-12-19', '2016-05-31', 'West India'),
(39, 1, '2014-12-19', '2016-09-24', 'North India'),
(39, 8, '2014-12-19', '2017-02-13', 'East India'),
(39, 3, '2014-12-19', '2017-12-03', 'South India'),
(40, 11, '2016-12-23', '2018-06-29', 'Australia'),
(40, 7, '2016-12-23', '2018-07-15', 'Pan India'),
(40, 3, '2016-12-23', '2018-09-04', 'Middle East'),
(40, 6, '2016-12-23', '2019-03-30', 'North America'),
(41, 4, '2016-07-06', '2017-09-30', 'Southeast Asia'),
(41, 10, '2016-07-06', '2018-02-20', 'North America'),
(41, 2, '2016-07-06', '2018-10-22', 'West India'),
(42, 10, '2017-12-22', '2019-09-14', 'UK'),
(42, 10, '2017-12-22', '2019-04-21', 'Southeast Asia'),
(43, 5, '2016-10-28', '2019-03-18', 'North India'),
(43, 10, '2016-10-28', '2018-06-05', 'East India'),
(43, 3, '2016-10-28', '2018-12-20', 'Middle East'),
(43, 4, '2016-10-28', '2019-07-22', 'Southeast Asia'),
(43, 2, '2016-10-28', '2017-11-07', 'South India'),
(44, 2, '2017-01-25', '2018-05-02', 'UK'),
(44, 8, '2017-01-25', '2019-01-22', 'Southeast Asia'),
(44, 5, '2017-01-25', '2019-03-05', 'West India'),
(45, 6, '2017-06-23', '2019-10-15', 'West India'),
(45, 3, '2017-06-23', '2019-03-16', 'South India'),
(45, 8, '2017-06-23', '2019-04-06', 'Australia'),
(46, 6, '2017-10-19', '2020-03-05', 'Middle East'),
(46, 1, '2017-10-19', '2019-04-30', 'North America'),
(46, 8, '2017-10-19', '2019-07-12', 'UK'),
(46, 8, '2017-10-19', '2018-11-29', 'North India'),
(47, 2, '2017-10-20', '2019-05-16', 'Australia'),
(47, 10, '2017-10-20', '2020-08-29', 'North India'),
(47, 9, '2017-10-20', '2020-05-26', 'South India'),
(47, 8, '2017-10-20', '2020-09-12', 'Pan India'),
(47, 11, '2017-10-20', '2020-09-15', 'Southeast Asia'),
(48, 12, '2015-12-18', '2018-10-23', 'South India'),
(48, 10, '2015-12-18', '2018-10-21', 'Pan India'),
(48, 6, '2015-12-18', '2018-07-22', 'North India'),
(48, 6, '2015-12-18', '2017-02-11', 'East India'),
(49, 3, '2015-12-18', '2017-08-19', 'UK'),
(49, 3, '2015-12-18', '2018-01-18', 'West India'),
(50, 7, '2015-06-05', '2017-04-17', 'West India'),
(50, 9, '2015-06-05', '2016-12-25', 'Australia'),
(51, 7, '2015-05-22', '2017-06-02', 'Southeast Asia'),
(51, 1, '2015-05-22', '2017-10-28', 'UK'),
(51, 8, '2015-05-22', '2017-11-11', 'North India'),
(51, 8, '2015-05-22', '2017-03-24', 'Middle East'),
(52, 10, '2015-06-19', '2016-08-05', 'Middle East'),
(52, 9, '2015-06-19', '2017-08-27', 'UK'),
(52, 6, '2015-06-19', '2017-03-05', 'West India'),
(53, 7, '2015-07-10', '2018-06-30', 'South India'),
(53, 11, '2015-07-10', '2017-10-12', 'Southeast Asia'),
(53, 4, '2015-07-10', '2017-01-14', 'UK'),
(53, 11, '2015-07-10', '2016-10-25', 'Pan India'),
(53, 2, '2015-07-10', '2016-07-22', 'Australia'),
(54, 2, '2012-10-19', '2014-02-24', 'West India'),
(54, 12, '2012-10-19', '2014-04-29', 'North America'),
(54, 11, '2012-10-19', '2014-06-23', 'UK'),
(54, 2, '2012-10-19', '2014-08-23', 'Australia'),
(54, 2, '2012-10-19', '2014-04-07', 'South India'),
(55, 10, '2012-08-15', '2014-09-20', 'Pan India'),
(55, 7, '2012-08-15', '2015-01-04', 'Australia'),
(55, 9, '2012-08-15', '2015-04-12', 'East India'),
(55, 7, '2012-08-15', '2015-03-28', 'North India'),
(55, 8, '2012-08-15', '2013-12-12', 'South India'),
(56, 4, '2009-12-25', '2012-04-18', 'UK'),
(56, 10, '2009-12-25', '2012-11-25', 'Pan India'),
(56, 3, '2009-12-25', '2011-10-21', 'South India'),
(56, 8, '2009-12-25', '2011-06-08', 'Australia'),
(56, 11, '2009-12-25', '2012-05-02', 'North America'),
(57, 5, '2008-12-25', '2010-08-22', 'UK'),
(57, 6, '2008-12-25', '2010-09-18', 'Australia'),
(58, 2, '2008-12-12', '2011-09-05', 'North America'),
(58, 5, '2008-12-12', '2010-11-25', 'UK'),
(59, 8, '2007-12-21', '2010-04-02', 'Middle East'),
(59, 9, '2007-12-21', '2009-01-31', 'North India'),
(59, 6, '2007-12-21', '2009-05-29', 'Pan India'),
(60, 6, '2007-11-09', '2009-03-29', 'South India'),
(60, 1, '2007-11-09', '2009-07-17', 'North America'),
(61, 12, '2007-08-10', '2009-10-07', 'West India'),
(61, 9, '2007-08-10', '2009-10-14', 'North America'),
(62, 3, '2006-10-20', '2007-10-30', 'Australia'),
(62, 3, '2006-10-20', '2009-01-06', 'Middle East'),
(62, 10, '2006-10-20', '2007-12-18', 'North America'),
(62, 12, '2006-10-20', '2008-09-05', 'Pan India'),
(62, 12, '2006-10-20', '2008-12-06', 'East India'),
(63, 1, '2006-01-26', '2008-07-29', 'UK'),
(63, 9, '2006-01-26', '2008-08-01', 'East India'),
(63, 9, '2006-01-26', '2008-01-09', 'West India'),
(63, 4, '2006-01-26', '2007-12-03', 'Pan India'),
(64, 1, '2005-02-04', '2007-12-02', 'West India'),
(64, 8, '2005-02-04', '2007-01-17', 'Middle East'),
(64, 6, '2005-02-04', '2006-12-07', 'North America'),
(64, 12, '2005-02-04', '2007-02-25', 'Pan India'),
(65, 7, '2004-11-12', '2007-01-07', 'Australia'),
(65, 8, '2004-11-12', '2006-06-19', 'North India'),
(65, 10, '2004-11-12', '2007-06-07', 'South India'),
(65, 11, '2004-11-12', '2007-01-19', 'North America'),
(66, 8, '2003-11-28', '2005-04-08', 'South India'),
(66, 1, '2003-11-28', '2005-05-06', 'Southeast Asia'),
(66, 2, '2003-11-28', '2005-03-30', 'Middle East'),
(66, 2, '2003-11-28', '2005-12-12', 'East India'),
(66, 1, '2003-11-28', '2005-04-22', 'North America'),
(67, 12, '2002-07-12', '2004-11-23', 'West India'),
(67, 1, '2002-07-12', '2004-09-11', 'East India'),
(67, 6, '2002-07-12', '2004-08-01', 'South India'),
(67, 3, '2002-07-12', '2004-12-09', 'UK'),
(68, 7, '2001-06-15', '2003-02-08', 'North America'),
(68, 12, '2001-06-15', '2003-03-26', 'North India'),
(68, 10, '2001-06-15', '2004-03-21', 'UK'),
(69, 10, '2001-12-14', '2004-05-31', 'Southeast Asia'),
(69, 2, '2001-12-14', '2004-10-18', 'Middle East'),
(69, 4, '2001-12-14', '2004-12-05', 'Pan India'),
(70, 6, '2004-07-02', '2006-09-22', 'Southeast Asia'),
(70, 7, '2004-07-02', '2006-03-22', 'Pan India'),
(70, 5, '2004-07-02', '2005-11-26', 'Australia'),
(70, 5, '2004-07-02', '2006-08-23', 'UK'),
(70, 3, '2004-07-02', '2005-07-29', 'Middle East'),
(71, 7, '2006-11-24', '2008-03-26', 'UK'),
(71, 8, '2006-11-24', '2009-04-27', 'North America'),
(71, 8, '2006-11-24', '2009-06-12', 'West India'),
(72, 4, '2013-12-20', '2016-07-10', 'Pan India'),
(72, 2, '2013-12-20', '2016-10-01', 'West India'),
(72, 9, '2013-12-20', '2015-06-10', 'North India'),
(73, 10, '2006-06-23', '2008-04-14', 'Pan India'),
(73, 5, '2006-06-23', '2009-02-24', 'Australia'),
(74, 1, '2013-11-01', '2015-04-15', 'Southeast Asia'),
(74, 3, '2013-11-01', '2016-05-23', 'Middle East'),
(74, 11, '2013-11-01', '2015-10-17', 'West India'),
(75, 8, '2017-04-28', '2020-01-01', 'North America'),
(75, 11, '2017-04-28', '2018-04-30', 'Southeast Asia'),
(75, 7, '2017-04-28', '2019-11-18', 'East India'),
(76, 11, '2016-09-30', '2018-12-29', 'Middle East'),
(76, 10, '2016-09-30', '2018-10-01', 'Pan India'),
(77, 4, '2016-01-22', '2018-04-21', 'Australia'),
(77, 11, '2016-01-22', '2019-01-17', 'North America'),
(78, 1, '2016-09-16', '2018-06-30', 'East India'),
(78, 1, '2016-09-16', '2018-04-04', 'Australia'),
(78, 3, '2016-09-16', '2019-04-04', 'North America'),
(79, 12, '2016-03-18', '2017-05-23', 'Southeast Asia'),
(79, 9, '2016-03-18', '2017-12-23', 'South India'),
(80, 7, '2015-09-18', '2017-11-07', 'Pan India'),
(80, 8, '2015-09-18', '2017-09-22', 'UK'),
(80, 5, '2015-09-18', '2017-11-21', 'Southeast Asia'),
(80, 6, '2015-09-18', '2016-12-09', 'Middle East'),
(80, 2, '2015-09-18', '2017-05-30', 'South India'),
(81, 7, '2012-11-30', '2013-12-24', 'Pan India'),
(81, 8, '2012-11-30', '2014-08-01', 'Australia'),
(82, 11, '2012-03-09', '2014-06-09', 'North India'),
(82, 7, '2012-03-09', '2014-01-23', 'Australia'),
(82, 1, '2012-03-09', '2014-01-11', 'Southeast Asia'),
(83, 7, '2012-09-14', '2013-12-21', 'West India'),
(83, 8, '2012-09-14', '2014-10-12', 'UK'),
(84, 4, '2012-06-22', '2013-10-10', 'Pan India'),
(84, 10, '2012-06-22', '2014-01-06', 'Australia'),
(84, 7, '2012-06-22', '2014-10-27', 'North America'),
(84, 1, '2012-06-22', '2013-10-30', 'West India'),
(85, 8, '2012-01-26', '2013-12-07', 'Southeast Asia'),
(85, 9, '2012-01-26', '2014-09-17', 'Middle East'),
(85, 7, '2012-01-26', '2014-01-12', 'South India'),
(85, 2, '2012-01-26', '2014-01-09', 'North India'),
(86, 6, '2012-11-13', '2014-04-28', 'Southeast Asia'),
(86, 8, '2012-11-13', '2014-06-25', 'North America'),
(86, 8, '2012-11-13', '2015-08-13', 'West India'),
(86, 12, '2012-11-13', '2014-12-02', 'East India'),
(87, 9, '2009-08-14', '2010-12-09', 'Pan India'),
(87, 1, '2009-08-14', '2010-09-13', 'North India'),
(87, 5, '2009-08-14', '2011-02-08', 'North America'),
(87, 4, '2009-08-14', '2010-09-05', 'Southeast Asia'),
(88, 11, '2009-02-06', '2010-05-30', 'South India'),
(88, 6, '2009-02-06', '2011-02-22', 'UK'),
(89, 3, '2009-02-20', '2010-09-02', 'North India'),
(89, 6, '2009-02-20', '2011-10-26', 'South India'),
(90, 6, '2008-11-14', '2010-07-25', 'Middle East'),
(90, 9, '2008-11-14', '2011-07-05', 'West India'),
(90, 11, '2008-11-14', '2011-08-05', 'South India'),
(91, 6, '2008-02-15', '2010-08-06', 'Middle East'),
(91, 5, '2008-02-15', '2010-10-02', 'Australia'),
(91, 4, '2008-02-15', '2009-09-26', 'South India'),
(91, 4, '2008-02-15', '2009-12-24', 'Southeast Asia'),
(91, 6, '2008-02-15', '2009-11-01', 'North America'),
(92, 8, '2008-02-22', '2010-07-30', 'Middle East'),
(92, 7, '2008-02-22', '2010-03-04', 'North America'),
(92, 3, '2008-02-22', '2010-05-19', 'East India'),
(92, 2, '2008-02-22', '2009-12-19', 'West India'),
(92, 2, '2008-02-22', '2009-06-22', 'Pan India'),
(93, 12, '2007-01-12', '2009-12-11', 'East India'),
(93, 12, '2007-01-12', '2009-07-21', 'North America'),
(93, 6, '2007-01-12', '2009-02-28', 'West India'),
(93, 8, '2007-01-12', '2009-11-11', 'South India'),
(94, 12, '2016-06-03', '2018-09-18', 'Australia'),
(94, 7, '2016-06-03', '2019-05-18', 'East India'),
(94, 6, '2016-06-03', '2017-10-23', 'Southeast Asia'),
(95, 11, '2015-07-31', '2017-09-16', 'North America'),
(95, 3, '2015-07-31', '2017-01-03', 'Southeast Asia'),
(95, 7, '2015-07-31', '2017-02-24', 'East India'),
(95, 8, '2015-07-31', '2016-11-18', 'Australia'),
(95, 2, '2015-07-31', '2017-01-21', 'UK'),
(96, 5, '2003-09-19', '2005-04-16', 'Pan India'),
(96, 8, '2003-09-19', '2004-11-15', 'South India'),
(96, 7, '2003-09-19', '2005-10-23', 'East India'),
(96, 8, '2003-09-19', '2004-11-27', 'Southeast Asia'),
(96, 4, '2003-09-19', '2005-08-01', 'Australia'),
(97, 9, '2017-02-10', '2020-01-12', 'Southeast Asia'),
(97, 8, '2017-02-10', '2018-04-16', 'West India'),
(97, 10, '2017-02-10', '2019-06-27', 'East India'),
(98, 10, '2016-08-12', '2018-02-07', 'Australia'),
(98, 8, '2016-08-12', '2018-09-09', 'North America'),
(98, 12, '2016-08-12', '2017-09-25', 'West India'),
(98, 11, '2016-08-12', '2019-02-13', 'East India'),
(99, 2, '2019-07-12', '2021-12-09', 'UK'),
(99, 4, '2019-07-12', '2021-12-11', 'Middle East'),
(99, 7, '2019-07-12', '2021-06-27', 'North India'),
(99, 1, '2019-07-12', '2021-03-24', 'South India'),
(99, 11, '2019-07-12', '2021-10-29', 'Pan India'),
(100, 3, '2017-08-11', '2018-08-29', 'South India'),
(100, 3, '2017-08-11', '2018-10-29', 'Australia'),
(100, 6, '2017-08-11', '2019-02-09', 'West India'),
(100, 8, '2017-08-11', '2020-07-24', 'UK'),
(100, 7, '2017-08-11', '2020-07-17', 'North India'),
(101, 4, '2017-03-10', '2019-03-28', 'UK'),
(101, 1, '2017-03-10', '2018-03-24', 'East India'),
(102, 1, '2017-09-29', '2019-11-28', 'North India'),
(102, 10, '2017-09-29', '2019-04-29', 'South India'),
(102, 2, '2017-09-29', '2019-09-29', 'Middle East'),
(103, 8, '2017-05-19', '2018-12-30', 'UK'),
(103, 1, '2017-05-19', '2018-07-26', 'East India'),
(104, 5, '2017-07-28', '2018-11-02', 'Middle East'),
(104, 6, '2017-07-28', '2019-01-23', 'South India'),
(105, 11, '2017-09-22', '2019-05-18', 'Pan India'),
(105, 5, '2017-09-22', '2019-05-22', 'Australia'),
(105, 1, '2017-09-22', '2019-02-09', 'UK'),
(105, 7, '2017-09-22', '2019-04-19', 'West India'),
(106, 1, '2017-09-01', '2020-02-16', 'South India'),
(106, 4, '2017-09-01', '2019-08-06', 'West India'),
(106, 11, '2017-09-01', '2019-05-13', 'North America'),
(106, 3, '2017-09-01', '2019-11-27', 'Australia'),
(109, 3, '2024-12-05', '2026-03-08', 'Pan India'),
(109, 4, '2024-12-05', '2027-05-08', 'South India'),
(109, 3, '2024-12-05', '2026-06-25', 'East India'),
(110, 8, '2024-12-20', '2026-03-11', 'West India'),
(110, 8, '2024-12-20', '2027-02-25', 'Australia'),
(110, 1, '2024-12-20', '2027-01-14', 'East India'),
(110, 10, '2024-12-20', '2027-06-23', 'South India');

-- =========================
-- 9. SHOW SCHEDULES
-- =========================

INSERT INTO SHOW_SCHEDULE (movie_id, theatre_id, show_datetime, screen_no, seats_sold, screen_format) VALUES
(1, 1, '2023-03-17 13:00:00', 7, 690, 'IMAX'),
(1, 8, '2023-02-07 16:00:00', 3, 546, '2D'),
(1, 25, '2023-02-01 10:00:00', 2, 148, '3D'),
(1, 7, '2023-03-23 10:00:00', 5, 493, '3D'),
(1, 10, '2023-02-27 22:00:00', 1, 291, '2D'),
(1, 23, '2023-03-02 19:00:00', 2, 504, '2D'),
(1, 11, '2023-02-06 19:00:00', 4, 241, '2D'),
(1, 9, '2023-02-01 13:00:00', 4, 258, '3D'),
(1, 11, '2023-02-09 16:00:00', 1, 511, '3D'),
(1, 21, '2023-03-24 13:00:00', 3, 419, '2D'),
(1, 2, '2023-02-15 19:00:00', 1, 256, '2D'),
(2, 24, '2023-09-24 19:00:00', 2, 318, '3D'),
(2, 18, '2023-10-16 16:00:00', 4, 312, '3D'),
(2, 16, '2023-10-30 10:00:00', 1, 383, '2D'),
(2, 2, '2023-09-15 19:00:00', 3, 347, '2D'),
(2, 6, '2023-09-19 10:00:00', 5, 647, '2D'),
(2, 9, '2023-09-14 10:00:00', 3, 219, '2D'),
(2, 11, '2023-09-24 13:00:00', 2, 573, '3D'),
(2, 15, '2023-09-27 19:00:00', 5, 427, 'IMAX'),
(2, 15, '2023-10-13 19:00:00', 6, 765, '2D'),
(2, 11, '2023-09-21 16:00:00', 3, 263, '3D'),
(2, 12, '2023-10-19 10:00:00', 2, 535, '2D'),
(3, 2, '2023-12-21 19:00:00', 4, 461, '2D'),
(3, 16, '2024-01-11 16:00:00', 3, 298, '2D'),
(3, 21, '2024-02-13 13:00:00', 1, 441, '2D'),
(3, 12, '2024-01-18 19:00:00', 2, 648, '3D'),
(3, 3, '2023-12-31 22:00:00', 7, 614, 'IMAX'),
(3, 4, '2024-02-15 10:00:00', 6, 394, 'IMAX'),
(3, 1, '2024-01-07 22:00:00', 8, 389, '2D'),
(3, 12, '2023-12-28 16:00:00', 1, 678, '3D'),
(3, 7, '2024-01-22 16:00:00', 5, 696, 'IMAX'),
(3, 15, '2023-12-27 19:00:00', 6, 326, 'IMAX'),
(3, 7, '2024-01-15 16:00:00', 5, 435, 'IMAX'),
(3, 20, '2024-01-23 10:00:00', 1, 671, '3D'),
(4, 4, '2023-12-04 16:00:00', 5, 321, 'IMAX'),
(4, 3, '2023-12-15 19:00:00', 6, 935, '3D'),
(4, 13, '2023-12-15 19:00:00', 3, 561, '2D'),
(4, 6, '2023-12-23 22:00:00', 6, 564, '2D'),
(4, 24, '2023-12-07 22:00:00', 3, 250, '2D'),
(4, 24, '2024-01-24 13:00:00', 1, 508, '3D'),
(4, 22, '2023-12-11 19:00:00', 3, 296, '2D'),
(4, 1, '2023-12-22 16:00:00', 3, 381, '3D'),
(5, 22, '2024-01-29 22:00:00', 4, 381, '2D'),
(5, 16, '2024-01-21 10:00:00', 1, 248, '2D'),
(5, 22, '2024-02-13 13:00:00', 2, 317, '3D'),
(5, 4, '2024-01-19 16:00:00', 6, 787, '3D'),
(5, 9, '2024-01-07 10:00:00', 4, 381, '3D'),
(5, 10, '2024-02-17 10:00:00', 4, 445, '3D'),
(5, 22, '2023-12-31 13:00:00', 2, 411, '2D'),
(6, 1, '2023-12-29 16:00:00', 7, 1072, 'IMAX'),
(6, 24, '2023-11-24 10:00:00', 3, 349, '2D'),
(6, 21, '2024-01-07 16:00:00', 2, 452, '3D'),
(6, 12, '2023-12-07 16:00:00', 4, 505, '3D'),
(6, 7, '2023-12-15 10:00:00', 5, 606, 'IMAX'),
(6, 15, '2023-11-30 19:00:00', 1, 388, '3D'),
(6, 5, '2023-12-25 16:00:00', 5, 378, '3D'),
(6, 18, '2023-12-13 16:00:00', 1, 559, '3D'),
(6, 15, '2023-11-30 10:00:00', 1, 883, 'IMAX'),
(6, 10, '2023-12-09 10:00:00', 1, 360, '2D'),
(6, 5, '2024-01-07 22:00:00', 5, 515, '3D'),
(6, 3, '2023-12-28 22:00:00', 4, 501, '2D'),
(7, 8, '2024-05-10 13:00:00', 3, 687, '2D'),
(7, 21, '2024-05-07 16:00:00', 1, 387, '3D'),
(7, 20, '2024-04-21 22:00:00', 3, 674, '3D'),
(7, 22, '2024-04-26 22:00:00', 4, 270, '2D'),
(7, 10, '2024-04-15 22:00:00', 4, 332, '3D'),
(7, 13, '2024-04-16 16:00:00', 4, 256, '3D'),
(7, 22, '2024-05-09 19:00:00', 4, 382, '3D'),
(7, 14, '2024-04-11 19:00:00', 1, 460, '3D'),
(7, 25, '2024-05-19 22:00:00', 1, 298, '2D'),
(8, 5, '2024-08-18 19:00:00', 2, 627, '3D'),
(8, 1, '2024-10-07 10:00:00', 2, 415, '3D'),
(8, 21, '2024-09-05 16:00:00', 1, 487, '2D'),
(8, 16, '2024-10-09 22:00:00', 1, 223, '3D'),
(8, 17, '2024-09-28 13:00:00', 5, 314, '2D'),
(8, 24, '2024-08-23 13:00:00', 3, 270, '3D'),
(8, 21, '2024-09-30 22:00:00', 4, 186, '3D'),
(8, 4, '2024-08-24 22:00:00', 1, 903, 'IMAX'),
(8, 8, '2024-08-21 22:00:00', 1, 452, '2D'),
(8, 13, '2024-10-13 19:00:00', 3, 248, '2D'),
(9, 8, '2024-03-17 22:00:00', 4, 523, '3D'),
(9, 14, '2024-03-05 13:00:00', 1, 185, '2D'),
(9, 8, '2024-02-26 19:00:00', 2, 589, '2D'),
(9, 10, '2024-03-07 16:00:00', 4, 231, '3D'),
(9, 9, '2024-02-18 19:00:00', 1, 552, '3D'),
(9, 14, '2024-01-26 10:00:00', 2, 319, '2D'),
(9, 13, '2024-03-02 22:00:00', 1, 341, '2D'),
(10, 12, '2023-08-26 16:00:00', 4, 655, '2D'),
(10, 6, '2023-08-29 16:00:00', 2, 785, '3D'),
(10, 13, '2023-08-08 16:00:00', 2, 521, '2D'),
(10, 24, '2023-08-26 16:00:00', 2, 227, '3D'),
(10, 3, '2023-08-21 13:00:00', 5, 783, '3D'),
(11, 25, '2022-09-17 22:00:00', 3, 309, '3D'),
(11, 19, '2022-09-13 13:00:00', 1, 185, '3D'),
(11, 4, '2022-11-07 13:00:00', 3, 772, '3D'),
(11, 4, '2022-10-25 10:00:00', 4, 678, '2D'),
(11, 20, '2022-09-16 19:00:00', 1, 266, '3D'),
(11, 20, '2022-11-07 10:00:00', 3, 406, '2D'),
(11, 13, '2022-10-19 13:00:00', 2, 479, '2D'),
(11, 16, '2022-10-22 13:00:00', 2, 338, '3D'),
(11, 14, '2022-09-14 10:00:00', 1, 472, '2D'),
(11, 2, '2022-11-05 19:00:00', 3, 245, '2D'),
(11, 18, '2022-09-20 13:00:00', 4, 804, '3D'),
(11, 19, '2022-10-11 22:00:00', 2, 342, '3D'),
(11, 5, '2022-10-07 10:00:00', 4, 662, '2D'),
(12, 5, '2022-03-17 13:00:00', 4, 345, '3D'),
(12, 20, '2022-03-12 16:00:00', 3, 457, '3D'),
(12, 23, '2022-03-15 10:00:00', 2, 254, '3D'),
(12, 19, '2022-05-04 22:00:00', 3, 427, '2D'),
(12, 13, '2022-04-14 22:00:00', 1, 543, '2D'),
(12, 9, '2022-03-13 16:00:00', 4, 368, '2D'),
(13, 25, '2022-03-05 16:00:00', 3, 248, '2D'),
(13, 2, '2022-03-28 22:00:00', 5, 314, '2D'),
(13, 12, '2022-04-26 22:00:00', 1, 417, '2D'),
(13, 5, '2022-04-12 10:00:00', 1, 267, '3D'),
(13, 17, '2022-04-07 19:00:00', 4, 389, '2D'),
(13, 8, '2022-04-25 13:00:00', 1, 238, '2D'),
(13, 20, '2022-04-09 19:00:00', 5, 246, '3D'),
(13, 13, '2022-04-10 19:00:00', 4, 250, '3D'),
(13, 5, '2022-03-25 16:00:00', 5, 345, '2D'),
(13, 7, '2022-03-12 22:00:00', 1, 492, '2D'),
(14, 14, '2022-07-10 13:00:00', 3, 181, '2D'),
(14, 3, '2022-06-17 10:00:00', 3, 484, 'IMAX'),
(14, 12, '2022-06-07 19:00:00', 4, 270, '2D'),
(14, 4, '2022-06-05 19:00:00', 2, 841, '2D'),
(14, 8, '2022-07-04 22:00:00', 3, 364, '3D'),
(14, 21, '2022-06-22 22:00:00', 3, 319, '2D'),
(14, 4, '2022-07-16 22:00:00', 6, 705, 'IMAX'),
(14, 9, '2022-06-02 16:00:00', 2, 265, '2D'),
(15, 4, '2022-11-20 19:00:00', 6, 525, '2D'),
(15, 25, '2023-01-17 19:00:00', 1, 202, '3D'),
(15, 9, '2022-12-25 10:00:00', 3, 391, '3D'),
(15, 9, '2022-12-19 19:00:00', 4, 204, '3D'),
(15, 2, '2022-12-01 19:00:00', 2, 628, '2D'),
(15, 2, '2022-11-20 10:00:00', 3, 794, '3D'),
(15, 25, '2023-01-16 13:00:00', 3, 278, '3D'),
(15, 11, '2023-01-12 10:00:00', 1, 434, '3D'),
(16, 24, '2022-11-23 19:00:00', 2, 429, '3D'),
(16, 24, '2022-10-10 13:00:00', 2, 351, '3D'),
(16, 1, '2022-11-12 13:00:00', 2, 640, 'IMAX'),
(16, 10, '2022-11-05 22:00:00', 1, 382, '3D'),
(16, 12, '2022-11-11 10:00:00', 1, 332, '3D'),
(16, 19, '2022-11-22 19:00:00', 1, 297, '3D'),
(16, 1, '2022-10-02 22:00:00', 8, 727, '3D'),
(16, 14, '2022-11-06 22:00:00', 2, 214, '2D'),
(16, 11, '2022-10-28 16:00:00', 3, 308, '2D'),
(16, 16, '2022-10-14 13:00:00', 2, 514, '2D'),
(16, 21, '2022-10-14 13:00:00', 1, 241, '2D'),
(17, 15, '2022-09-15 16:00:00', 1, 509, '2D'),
(17, 1, '2022-09-14 22:00:00', 1, 1095, '3D'),
(17, 12, '2022-08-15 10:00:00', 4, 463, '2D'),
(17, 3, '2022-08-31 19:00:00', 3, 884, 'IMAX'),
(17, 21, '2022-10-06 10:00:00', 2, 327, '3D'),
(17, 20, '2022-09-01 19:00:00', 3, 645, '3D'),
(17, 20, '2022-08-21 16:00:00', 1, 605, '2D'),
(17, 19, '2022-08-17 16:00:00', 1, 473, '2D'),
(17, 23, '2022-10-10 22:00:00', 2, 284, '3D'),
(17, 22, '2022-09-04 10:00:00', 1, 591, '2D'),
(17, 19, '2022-09-14 22:00:00', 1, 537, '3D'),
(17, 20, '2022-09-22 16:00:00', 4, 760, '3D'),
(17, 7, '2022-10-08 13:00:00', 3, 504, '3D'),
(18, 15, '2021-09-25 19:00:00', 4, 522, '2D'),
(18, 3, '2021-10-09 19:00:00', 6, 670, '2D'),
(18, 8, '2021-10-01 22:00:00', 2, 424, '3D'),
(18, 18, '2021-10-09 22:00:00', 6, 681, 'IMAX'),
(18, 5, '2021-10-01 16:00:00', 3, 518, '3D'),
(18, 3, '2021-09-17 13:00:00', 6, 806, '2D'),
(18, 15, '2021-08-19 22:00:00', 3, 704, 'IMAX'),
(18, 24, '2021-08-20 10:00:00', 2, 173, '2D'),
(19, 5, '2021-09-22 13:00:00', 3, 657, '3D'),
(19, 23, '2021-09-10 16:00:00', 1, 324, '2D'),
(19, 19, '2021-09-11 16:00:00', 1, 185, '2D'),
(19, 14, '2021-09-12 19:00:00', 2, 397, '3D'),
(19, 24, '2021-09-11 10:00:00', 3, 457, '2D'),
(19, 1, '2021-09-08 19:00:00', 8, 1024, '3D'),
(20, 6, '2022-01-04 16:00:00', 2, 369, '3D'),
(20, 11, '2021-12-11 22:00:00', 5, 481, '2D'),
(20, 14, '2021-11-25 13:00:00', 2, 370, '3D'),
(20, 2, '2021-12-02 22:00:00', 3, 771, '2D'),
(20, 11, '2021-11-27 10:00:00', 2, 361, '2D'),
(20, 9, '2021-12-03 16:00:00', 2, 309, '3D'),
(20, 20, '2022-01-03 13:00:00', 3, 465, '2D'),
(20, 7, '2021-11-06 22:00:00', 5, 295, '2D'),
(20, 1, '2021-11-28 22:00:00', 5, 568, '2D'),
(20, 24, '2021-12-08 16:00:00', 2, 220, '3D'),
(20, 23, '2021-12-03 16:00:00', 2, 395, '2D'),
(20, 5, '2021-12-21 10:00:00', 3, 344, '3D'),
(21, 11, '2022-01-25 19:00:00', 3, 387, '2D'),
(21, 24, '2022-02-07 10:00:00', 2, 508, '2D'),
(21, 4, '2022-01-05 10:00:00', 6, 856, '3D'),
(21, 21, '2022-01-08 13:00:00', 4, 253, '2D'),
(21, 7, '2022-01-02 19:00:00', 2, 751, 'IMAX'),
(21, 5, '2022-02-02 13:00:00', 5, 315, '2D'),
(22, 3, '2022-02-07 19:00:00', 1, 482, '2D'),
(22, 20, '2022-02-02 19:00:00', 3, 468, '3D'),
(22, 22, '2022-02-18 16:00:00', 2, 354, '2D'),
(22, 16, '2022-02-12 22:00:00', 4, 514, '3D'),
(22, 18, '2022-01-07 19:00:00', 3, 379, '2D'),
(22, 11, '2022-02-04 13:00:00', 1, 433, '2D'),
(22, 11, '2022-01-15 13:00:00', 4, 572, '2D'),
(22, 16, '2022-02-05 16:00:00', 1, 312, '3D'),
(22, 17, '2022-02-18 10:00:00', 4, 645, '2D'),
(22, 25, '2022-01-09 19:00:00', 2, 306, '3D'),
(22, 14, '2022-01-09 19:00:00', 2, 201, '3D'),
(23, 21, '2020-01-29 13:00:00', 4, 412, '2D'),
(23, 6, '2020-02-28 22:00:00', 5, 382, '2D'),
(23, 5, '2020-03-10 10:00:00', 4, 246, '2D'),
(23, 12, '2020-02-20 16:00:00', 2, 229, '2D'),
(23, 7, '2020-03-05 13:00:00', 3, 489, '3D'),
(23, 11, '2020-01-23 10:00:00', 2, 499, '3D'),
(23, 1, '2020-02-11 10:00:00', 8, 767, '2D'),
(23, 10, '2020-01-11 10:00:00', 2, 297, '3D'),
(23, 24, '2020-03-02 19:00:00', 3, 349, '2D'),
(23, 24, '2020-03-05 10:00:00', 1, 199, '3D'),
(24, 1, '2020-04-28 10:00:00', 3, 914, 'IMAX'),
(24, 13, '2020-04-28 16:00:00', 3, 496, '2D'),
(24, 17, '2020-03-25 13:00:00', 4, 350, '2D'),
(24, 9, '2020-03-30 10:00:00', 4, 344, '3D'),
(24, 14, '2020-04-05 22:00:00', 3, 319, '3D'),
(24, 8, '2020-03-07 16:00:00', 4, 464, '3D'),
(24, 23, '2020-04-03 10:00:00', 3, 288, '2D'),
(24, 25, '2020-04-03 22:00:00', 2, 333, '2D'),
(24, 21, '2020-03-27 10:00:00', 1, 256, '3D'),
(24, 6, '2020-04-30 13:00:00', 5, 771, '2D'),
(24, 5, '2020-04-14 22:00:00', 5, 709, '3D'),
(25, 25, '2019-09-22 16:00:00', 2, 354, '3D'),
(25, 2, '2019-10-20 16:00:00', 1, 656, '3D'),
(25, 25, '2019-10-10 13:00:00', 2, 399, '3D'),
(25, 15, '2019-11-03 10:00:00', 4, 383, '2D'),
(25, 5, '2019-09-16 13:00:00', 2, 349, '2D'),
(26, 2, '2019-11-02 19:00:00', 5, 414, '3D'),
(26, 24, '2019-10-27 10:00:00', 2, 160, '3D'),
(26, 10, '2019-11-04 22:00:00', 3, 345, '3D'),
(26, 6, '2019-10-20 13:00:00', 6, 805, '2D'),
(26, 23, '2019-11-04 19:00:00', 2, 483, '3D'),
(26, 7, '2019-10-12 10:00:00', 4, 791, '2D'),
(27, 6, '2019-07-21 16:00:00', 1, 338, '2D'),
(27, 7, '2019-07-12 22:00:00', 1, 351, '3D'),
(27, 20, '2019-06-25 13:00:00', 5, 586, '2D'),
(27, 21, '2019-08-19 16:00:00', 3, 281, '2D'),
(27, 19, '2019-07-14 16:00:00', 2, 481, '3D'),
(27, 18, '2019-06-25 10:00:00', 2, 870, '2D'),
(27, 9, '2019-07-07 13:00:00', 1, 483, '2D'),
(27, 19, '2019-07-12 22:00:00', 3, 456, '3D'),
(27, 24, '2019-07-04 13:00:00', 1, 242, '3D'),
(27, 3, '2019-06-30 10:00:00', 4, 468, '2D'),
(27, 3, '2019-06-29 19:00:00', 7, 823, '2D'),
(28, 16, '2019-04-09 13:00:00', 1, 448, '3D'),
(28, 13, '2019-05-09 16:00:00', 4, 383, '3D'),
(28, 17, '2019-04-23 13:00:00', 5, 250, '3D'),
(28, 21, '2019-05-05 22:00:00', 4, 256, '3D'),
(28, 16, '2019-05-03 16:00:00', 4, 253, '3D'),
(28, 1, '2019-05-09 19:00:00', 6, 1046, '3D'),
(28, 20, '2019-04-14 10:00:00', 2, 611, '2D'),
(28, 15, '2019-03-21 16:00:00', 3, 876, '2D'),
(28, 12, '2019-04-22 22:00:00', 1, 675, '3D'),
(28, 2, '2019-05-01 10:00:00', 4, 730, '3D'),
(28, 9, '2019-04-26 19:00:00', 1, 616, '2D'),
(28, 21, '2019-04-21 22:00:00', 4, 271, '3D'),
(28, 2, '2019-03-22 13:00:00', 2, 396, '3D'),
(28, 14, '2019-03-24 10:00:00', 3, 401, '2D'),
(28, 4, '2019-05-14 22:00:00', 6, 483, '3D'),
(29, 22, '2019-03-09 22:00:00', 2, 564, '3D'),
(29, 17, '2019-03-12 19:00:00', 4, 550, '2D'),
(29, 22, '2019-01-15 16:00:00', 2, 299, '2D'),
(29, 6, '2019-01-13 13:00:00', 5, 552, '3D'),
(29, 14, '2019-02-20 16:00:00', 1, 556, '2D'),
(29, 18, '2019-02-09 10:00:00', 6, 845, '3D'),
(29, 15, '2019-03-10 10:00:00', 2, 368, 'IMAX'),
(29, 11, '2019-03-01 13:00:00', 1, 302, '2D'),
(29, 12, '2019-01-16 16:00:00', 2, 653, '3D'),
(29, 21, '2019-02-27 16:00:00', 2, 569, '2D'),
(30, 23, '2019-02-25 22:00:00', 1, 316, '3D'),
(30, 14, '2019-04-08 13:00:00', 2, 270, '2D'),
(30, 10, '2019-03-30 10:00:00', 3, 405, '3D'),
(30, 12, '2019-03-08 13:00:00', 4, 599, '3D'),
(30, 19, '2019-02-23 13:00:00', 3, 437, '3D'),
(30, 12, '2019-02-27 10:00:00', 3, 379, '3D'),
(30, 25, '2019-03-02 16:00:00', 2, 255, '2D'),
(30, 4, '2019-03-16 22:00:00', 4, 428, '2D'),
(30, 12, '2019-03-28 16:00:00', 1, 505, '3D'),
(30, 21, '2019-04-10 19:00:00', 2, 187, '3D'),
(30, 11, '2019-03-27 13:00:00', 1, 678, '3D'),
(31, 6, '2019-09-18 19:00:00', 1, 460, '3D'),
(31, 15, '2019-09-30 13:00:00', 4, 684, '3D'),
(31, 24, '2019-09-22 19:00:00', 2, 328, '3D'),
(31, 2, '2019-10-02 19:00:00', 1, 759, '2D'),
(31, 25, '2019-09-20 10:00:00', 3, 349, '3D'),
(31, 17, '2019-10-13 22:00:00', 5, 363, '2D'),
(31, 19, '2019-08-23 10:00:00', 2, 501, '2D'),
(31, 10, '2019-10-05 19:00:00', 4, 357, '2D'),
(31, 15, '2019-08-24 16:00:00', 2, 481, 'IMAX'),
(32, 6, '2019-12-18 10:00:00', 4, 478, '2D'),
(32, 5, '2019-10-25 16:00:00', 2, 713, '3D'),
(32, 16, '2019-12-08 19:00:00', 4, 300, '3D'),
(32, 23, '2019-12-12 13:00:00', 2, 223, '2D'),
(32, 25, '2019-11-19 19:00:00', 2, 311, '2D'),
(32, 13, '2019-11-16 13:00:00', 1, 436, '2D'),
(33, 25, '2019-01-20 22:00:00', 2, 329, '2D'),
(33, 20, '2019-02-24 13:00:00', 2, 307, '3D'),
(33, 7, '2019-01-16 16:00:00', 1, 700, 'IMAX'),
(33, 21, '2019-01-24 16:00:00', 3, 260, '2D'),
(33, 22, '2018-12-30 13:00:00', 4, 334, '3D'),
(33, 13, '2019-01-26 16:00:00', 1, 598, '2D'),
(33, 21, '2019-02-17 13:00:00', 1, 596, '3D'),
(34, 19, '2018-03-09 19:00:00', 1, 394, '3D'),
(34, 22, '2018-02-21 16:00:00', 1, 595, '3D'),
(34, 9, '2018-03-04 22:00:00', 4, 608, '2D'),
(34, 25, '2018-03-11 16:00:00', 3, 315, '3D'),
(34, 6, '2018-02-28 10:00:00', 6, 662, '3D'),
(34, 1, '2018-02-06 19:00:00', 8, 887, '3D'),
(34, 15, '2018-02-01 16:00:00', 4, 777, 'IMAX'),
(35, 22, '2018-05-27 16:00:00', 3, 418, '3D'),
(35, 18, '2018-05-29 10:00:00', 4, 629, 'IMAX'),
(35, 11, '2018-06-20 10:00:00', 5, 234, '3D'),
(35, 24, '2018-06-14 13:00:00', 1, 358, '2D'),
(35, 18, '2018-06-26 19:00:00', 6, 412, 'IMAX'),
(35, 9, '2018-06-09 22:00:00', 2, 547, '3D'),
(35, 15, '2018-05-31 13:00:00', 1, 657, 'IMAX'),
(35, 24, '2018-06-04 10:00:00', 3, 418, '2D'),
(35, 21, '2018-06-07 13:00:00', 1, 388, '3D'),
(35, 24, '2018-07-03 13:00:00', 1, 377, '2D'),
(35, 9, '2018-06-19 10:00:00', 2, 458, '3D'),
(35, 19, '2018-05-24 13:00:00', 2, 385, '3D'),
(35, 17, '2018-06-18 16:00:00', 2, 414, '2D'),
(35, 1, '2018-06-30 16:00:00', 3, 784, '2D'),
(36, 20, '2018-10-11 10:00:00', 2, 454, '3D'),
(36, 8, '2018-11-13 22:00:00', 4, 357, '2D'),
(36, 21, '2018-11-08 22:00:00', 4, 382, '3D'),
(36, 11, '2018-10-25 13:00:00', 4, 393, '3D'),
(36, 24, '2018-10-18 13:00:00', 3, 428, '3D'),
(36, 13, '2018-10-30 19:00:00', 1, 202, '3D'),
(36, 12, '2018-10-18 16:00:00', 3, 586, '2D'),
(36, 25, '2018-11-02 13:00:00', 1, 383, '3D'),
(36, 19, '2018-11-13 19:00:00', 3, 342, '2D'),
(36, 25, '2018-11-22 19:00:00', 3, 289, '2D'),
(36, 13, '2018-10-29 10:00:00', 1, 496, '2D'),
(36, 7, '2018-10-12 13:00:00', 3, 839, 'IMAX'),
(37, 18, '2018-11-14 16:00:00', 3, 877, '2D'),
(37, 21, '2018-11-30 22:00:00', 3, 534, '2D'),
(37, 18, '2018-11-19 19:00:00', 3, 739, '3D'),
(37, 6, '2018-11-06 16:00:00', 5, 273, '3D'),
(37, 21, '2018-12-01 22:00:00', 4, 233, '2D'),
(37, 14, '2018-11-14 10:00:00', 3, 270, '3D'),
(37, 8, '2018-11-27 22:00:00', 1, 527, '2D'),
(37, 24, '2018-12-18 22:00:00', 2, 167, '3D'),
(37, 6, '2018-12-01 10:00:00', 3, 363, '3D'),
(37, 21, '2018-11-23 13:00:00', 2, 444, '3D'),
(37, 12, '2018-10-30 16:00:00', 2, 445, '2D'),
(38, 3, '2015-08-22 13:00:00', 4, 772, '2D'),
(38, 20, '2015-08-01 22:00:00', 4, 409, '3D'),
(38, 4, '2015-09-10 19:00:00', 2, 448, '3D'),
(38, 1, '2015-09-10 19:00:00', 8, 892, '3D'),
(38, 14, '2015-09-11 10:00:00', 3, 540, '3D'),
(38, 21, '2015-08-14 16:00:00', 1, 429, '2D'),
(38, 24, '2015-08-09 22:00:00', 3, 360, '2D'),
(38, 21, '2015-08-13 10:00:00', 1, 586, '3D'),
(38, 9, '2015-09-01 19:00:00', 3, 281, '2D'),
(39, 5, '2015-02-07 16:00:00', 2, 719, '2D'),
(39, 11, '2015-01-17 13:00:00', 4, 676, '2D'),
(39, 11, '2015-02-01 19:00:00', 3, 443, '3D'),
(39, 19, '2015-01-26 13:00:00', 1, 180, '3D'),
(39, 10, '2015-01-02 16:00:00', 3, 369, '2D'),
(39, 23, '2015-01-24 19:00:00', 2, 498, '2D'),
(39, 22, '2014-12-28 13:00:00', 2, 581, '3D'),
(39, 10, '2015-01-04 10:00:00', 2, 506, '3D'),
(39, 19, '2014-12-28 16:00:00', 1, 461, '3D'),
(39, 24, '2015-01-18 16:00:00', 1, 472, '3D'),
(40, 19, '2017-01-25 19:00:00', 2, 353, '3D'),
(40, 6, '2017-01-03 10:00:00', 4, 765, '3D'),
(40, 3, '2017-01-05 16:00:00', 2, 529, '3D'),
(40, 25, '2017-02-02 19:00:00', 2, 244, '2D'),
(40, 19, '2017-02-14 13:00:00', 1, 430, '2D'),
(40, 22, '2017-01-17 16:00:00', 1, 521, '2D'),
(40, 3, '2017-01-26 10:00:00', 7, 850, 'IMAX'),
(41, 19, '2016-07-21 13:00:00', 3, 293, '2D'),
(41, 8, '2016-08-19 13:00:00', 4, 577, '2D'),
(41, 20, '2016-08-10 13:00:00', 1, 512, '3D'),
(41, 5, '2016-07-09 13:00:00', 2, 437, '3D'),
(41, 25, '2016-08-04 10:00:00', 3, 194, '3D'),
(41, 21, '2016-07-18 19:00:00', 1, 427, '2D'),
(41, 16, '2016-07-12 22:00:00', 2, 469, '2D'),
(41, 10, '2016-08-12 19:00:00', 1, 400, '2D'),
(41, 7, '2016-07-06 22:00:00', 4, 512, '3D'),
(41, 16, '2016-07-27 22:00:00', 4, 451, '2D'),
(41, 21, '2016-07-22 16:00:00', 2, 455, '3D'),
(41, 22, '2016-08-15 13:00:00', 1, 426, '3D'),
(42, 11, '2018-01-22 10:00:00', 2, 299, '3D'),
(42, 22, '2017-12-28 16:00:00', 4, 642, '3D'),
(42, 22, '2018-01-03 13:00:00', 1, 599, '2D'),
(42, 10, '2018-01-11 10:00:00', 4, 572, '3D'),
(42, 10, '2018-01-27 16:00:00', 2, 524, '2D'),
(43, 25, '2016-12-17 22:00:00', 1, 231, '3D'),
(43, 6, '2016-11-30 22:00:00', 6, 755, '3D'),
(43, 25, '2016-11-11 16:00:00', 2, 278, '3D'),
(43, 5, '2016-11-18 19:00:00', 3, 587, '3D'),
(43, 14, '2016-12-15 19:00:00', 1, 387, '3D'),
(43, 14, '2016-12-08 16:00:00', 2, 245, '3D'),
(43, 23, '2016-11-10 16:00:00', 3, 512, '2D'),
(43, 12, '2016-11-17 16:00:00', 4, 422, '2D'),
(44, 24, '2017-03-17 22:00:00', 3, 266, '2D'),
(44, 9, '2017-01-29 16:00:00', 2, 319, '2D'),
(44, 24, '2017-03-26 19:00:00', 3, 179, '3D'),
(44, 8, '2017-03-04 10:00:00', 4, 510, '3D'),
(44, 2, '2017-02-11 19:00:00', 3, 790, '3D'),
(44, 4, '2017-02-14 13:00:00', 2, 708, '2D'),
(44, 10, '2017-03-01 13:00:00', 4, 225, '2D'),
(44, 19, '2017-03-01 10:00:00', 2, 433, '3D'),
(44, 25, '2017-03-21 19:00:00', 2, 304, '2D'),
(44, 6, '2017-02-23 16:00:00', 4, 503, '3D'),
(44, 7, '2017-02-10 10:00:00', 2, 278, '3D'),
(44, 14, '2017-02-19 22:00:00', 1, 423, '3D'),
(44, 17, '2017-01-26 10:00:00', 4, 499, '3D'),
(45, 18, '2017-08-02 10:00:00', 6, 332, '3D'),
(45, 3, '2017-07-27 22:00:00', 7, 462, '2D'),
(45, 19, '2017-08-01 10:00:00', 1, 494, '3D'),
(45, 14, '2017-07-22 13:00:00', 3, 405, '3D'),
(45, 11, '2017-07-04 16:00:00', 5, 547, '2D'),
(45, 17, '2017-08-18 22:00:00', 4, 220, '3D'),
(45, 1, '2017-06-24 16:00:00', 4, 368, '3D'),
(45, 5, '2017-08-16 16:00:00', 5, 453, '3D'),
(45, 15, '2017-08-11 22:00:00', 3, 864, '2D'),
(45, 7, '2017-07-12 10:00:00', 1, 440, '2D'),
(46, 2, '2017-11-22 16:00:00', 1, 596, '2D'),
(46, 8, '2017-10-31 19:00:00', 2, 365, '2D'),
(46, 8, '2017-12-07 13:00:00', 1, 391, '2D'),
(46, 4, '2017-10-20 13:00:00', 6, 739, '3D'),
(46, 2, '2017-11-16 13:00:00', 2, 648, '3D'),
(46, 19, '2017-10-24 22:00:00', 3, 251, '2D'),
(46, 4, '2017-11-01 22:00:00', 4, 408, 'IMAX'),
(46, 24, '2017-11-14 10:00:00', 1, 253, '3D'),
(46, 12, '2017-11-04 19:00:00', 1, 464, '3D'),
(46, 1, '2017-11-13 16:00:00', 6, 462, '3D'),
(46, 3, '2017-11-02 19:00:00', 6, 386, '3D'),
(46, 1, '2017-12-04 10:00:00', 6, 1022, '3D'),
(46, 8, '2017-11-24 22:00:00', 2, 214, '2D'),
(46, 5, '2017-12-06 22:00:00', 1, 264, '3D'),
(47, 10, '2017-11-28 19:00:00', 2, 392, '3D'),
(47, 6, '2017-12-06 10:00:00', 3, 455, '2D'),
(47, 1, '2017-11-14 16:00:00', 6, 1000, '3D'),
(47, 11, '2017-12-09 10:00:00', 3, 229, '2D'),
(47, 2, '2017-12-17 22:00:00', 1, 657, '2D'),
(47, 25, '2017-10-30 16:00:00', 1, 195, '2D'),
(47, 3, '2017-10-27 19:00:00', 4, 787, '2D'),
(47, 15, '2017-11-27 19:00:00', 3, 276, 'IMAX'),
(47, 9, '2017-11-09 22:00:00', 3, 531, '2D'),
(47, 23, '2017-11-19 22:00:00', 3, 426, '2D'),
(47, 5, '2017-11-21 13:00:00', 2, 357, '2D'),
(47, 3, '2017-11-07 13:00:00', 1, 929, '3D'),
(47, 9, '2017-12-05 16:00:00', 3, 532, '2D'),
(47, 22, '2017-12-07 16:00:00', 2, 661, '3D'),
(47, 12, '2017-11-26 19:00:00', 1, 581, '2D'),
(48, 7, '2015-12-27 13:00:00', 2, 289, '2D'),
(48, 11, '2016-01-23 16:00:00', 4, 462, '2D'),
(48, 21, '2016-01-15 22:00:00', 4, 292, '3D'),
(48, 18, '2016-01-28 16:00:00', 3, 790, '3D'),
(48, 9, '2016-02-07 22:00:00', 4, 641, '3D'),
(49, 4, '2016-02-04 10:00:00', 3, 816, '3D'),
(49, 14, '2016-01-21 13:00:00', 1, 238, '2D'),
(49, 4, '2016-02-01 16:00:00', 2, 587, 'IMAX'),
(49, 15, '2016-02-11 19:00:00', 2, 792, '2D'),
(49, 7, '2016-01-30 13:00:00', 1, 482, 'IMAX'),
(49, 17, '2016-01-23 22:00:00', 5, 650, '2D'),
(49, 18, '2016-01-31 16:00:00', 2, 807, '2D'),
(49, 4, '2016-02-09 22:00:00', 5, 440, '2D'),
(49, 7, '2016-02-16 19:00:00', 3, 665, 'IMAX'),
(49, 14, '2016-01-16 16:00:00', 1, 338, '3D'),
(49, 3, '2016-01-22 13:00:00', 3, 984, 'IMAX'),
(49, 20, '2015-12-21 13:00:00', 2, 648, '2D'),
(49, 6, '2016-01-12 19:00:00', 6, 433, '2D'),
(49, 19, '2016-01-02 13:00:00', 1, 341, '2D'),
(49, 5, '2015-12-25 19:00:00', 2, 380, '3D'),
(50, 9, '2015-06-05 22:00:00', 1, 521, '3D'),
(50, 17, '2015-07-24 19:00:00', 5, 531, '2D'),
(50, 22, '2015-06-24 22:00:00', 1, 621, '3D'),
(50, 15, '2015-07-31 10:00:00', 3, 625, 'IMAX'),
(50, 9, '2015-07-15 22:00:00', 4, 433, '2D'),
(50, 23, '2015-07-23 22:00:00', 1, 323, '3D'),
(50, 3, '2015-06-20 19:00:00', 4, 980, '3D'),
(50, 2, '2015-07-30 16:00:00', 3, 526, '2D'),
(50, 17, '2015-07-01 16:00:00', 3, 551, '3D'),
(50, 1, '2015-07-26 22:00:00', 4, 857, 'IMAX'),
(50, 8, '2015-07-17 19:00:00', 1, 346, '3D'),
(50, 20, '2015-07-13 10:00:00', 4, 759, '3D'),
(50, 4, '2015-07-11 13:00:00', 1, 382, '2D'),
(50, 19, '2015-07-27 10:00:00', 3, 363, '3D'),
(50, 21, '2015-07-29 19:00:00', 1, 418, '3D'),
(51, 22, '2015-06-04 10:00:00', 2, 491, '2D'),
(51, 11, '2015-06-09 10:00:00', 4, 687, '2D'),
(51, 9, '2015-07-13 16:00:00', 3, 544, '3D'),
(51, 9, '2015-07-11 19:00:00', 3, 219, '3D'),
(51, 9, '2015-06-04 19:00:00', 3, 480, '2D'),
(51, 25, '2015-07-15 16:00:00', 1, 399, '2D'),
(51, 20, '2015-06-11 10:00:00', 1, 541, '2D'),
(51, 13, '2015-06-30 19:00:00', 2, 440, '3D'),
(51, 9, '2015-06-13 16:00:00', 4, 367, '3D'),
(51, 6, '2015-05-23 22:00:00', 2, 384, '3D'),
(51, 17, '2015-07-09 13:00:00', 5, 496, '3D'),
(52, 23, '2015-07-01 22:00:00', 1, 221, '2D'),
(52, 13, '2015-06-28 22:00:00', 3, 552, '3D'),
(52, 13, '2015-08-16 16:00:00', 1, 383, '2D'),
(52, 19, '2015-07-09 10:00:00', 2, 277, '2D'),
(52, 18, '2015-07-06 13:00:00', 4, 290, 'IMAX'),
(52, 8, '2015-07-17 13:00:00', 2, 541, '2D'),
(52, 10, '2015-06-20 19:00:00', 4, 493, '2D'),
(52, 18, '2015-07-15 22:00:00', 5, 454, '2D'),
(52, 21, '2015-08-05 16:00:00', 3, 316, '3D'),
(52, 12, '2015-08-15 16:00:00', 2, 677, '3D'),
(52, 12, '2015-08-02 13:00:00', 3, 272, '2D'),
(52, 19, '2015-06-25 19:00:00', 3, 421, '2D'),
(52, 11, '2015-08-09 13:00:00', 5, 639, '2D'),
(52, 23, '2015-07-18 10:00:00', 3, 311, '2D'),
(53, 15, '2015-07-14 22:00:00', 1, 451, '3D'),
(53, 18, '2015-08-09 16:00:00', 1, 415, '3D'),
(53, 24, '2015-08-15 10:00:00', 3, 285, '3D'),
(53, 16, '2015-08-24 19:00:00', 2, 583, '3D'),
(53, 22, '2015-07-29 16:00:00', 3, 476, '3D'),
(53, 19, '2015-07-19 22:00:00', 3, 438, '3D'),
(53, 1, '2015-08-24 22:00:00', 6, 1132, '2D'),
(53, 25, '2015-08-18 19:00:00', 3, 176, '2D'),
(53, 24, '2015-07-25 13:00:00', 1, 463, '2D'),
(53, 21, '2015-08-25 10:00:00', 3, 244, '3D'),
(53, 13, '2015-08-30 19:00:00', 4, 394, '3D'),
(53, 11, '2015-07-16 13:00:00', 3, 375, '2D'),
(53, 9, '2015-07-15 19:00:00', 3, 289, '3D'),
(53, 8, '2015-08-20 16:00:00', 1, 534, '3D'),
(54, 17, '2012-10-20 10:00:00', 5, 660, '3D'),
(54, 2, '2012-10-25 22:00:00', 1, 412, '3D'),
(54, 1, '2012-10-20 10:00:00', 6, 1179, '3D'),
(54, 7, '2012-10-30 16:00:00', 2, 803, '3D'),
(54, 22, '2012-11-26 19:00:00', 2, 392, '2D'),
(54, 17, '2012-12-10 10:00:00', 4, 629, '2D'),
(55, 18, '2012-10-05 10:00:00', 3, 583, '2D'),
(55, 22, '2012-09-21 10:00:00', 2, 466, '2D'),
(55, 7, '2012-10-14 19:00:00', 5, 720, '3D'),
(55, 4, '2012-09-05 13:00:00', 3, 537, '2D'),
(55, 16, '2012-10-04 16:00:00', 1, 398, '2D'),
(56, 22, '2010-02-17 16:00:00', 1, 467, '2D'),
(56, 19, '2010-02-11 13:00:00', 3, 441, '3D'),
(56, 11, '2010-01-22 16:00:00', 2, 606, '2D'),
(56, 14, '2010-01-21 19:00:00', 1, 367, '3D'),
(56, 16, '2010-01-14 22:00:00', 4, 479, '2D'),
(56, 10, '2010-02-13 10:00:00', 3, 574, '3D'),
(56, 2, '2010-02-23 22:00:00', 3, 331, '2D'),
(56, 18, '2010-01-14 10:00:00', 5, 313, 'IMAX'),
(56, 10, '2010-01-06 19:00:00', 1, 360, '3D'),
(56, 17, '2010-01-26 13:00:00', 1, 399, '2D'),
(56, 15, '2010-02-08 13:00:00', 1, 603, '2D'),
(56, 7, '2009-12-27 10:00:00', 2, 645, '2D'),
(57, 8, '2009-01-05 16:00:00', 2, 409, '3D'),
(57, 2, '2009-01-03 16:00:00', 5, 492, '2D'),
(57, 22, '2009-01-07 19:00:00', 3, 650, '3D'),
(57, 14, '2009-01-18 19:00:00', 1, 316, '3D'),
(57, 20, '2009-02-03 19:00:00', 1, 632, '2D'),
(58, 23, '2008-12-16 10:00:00', 1, 500, '2D'),
(58, 16, '2008-12-23 13:00:00', 3, 466, '2D'),
(58, 22, '2008-12-30 16:00:00', 3, 475, '3D'),
(58, 9, '2009-01-29 13:00:00', 4, 256, '2D'),
(58, 18, '2008-12-20 19:00:00', 1, 794, '2D'),
(58, 4, '2008-12-14 10:00:00', 2, 682, 'IMAX'),
(58, 8, '2009-01-20 13:00:00', 4, 399, '3D'),
(58, 20, '2009-01-23 13:00:00', 2, 743, '2D'),
(58, 2, '2009-02-10 16:00:00', 3, 396, '2D'),
(58, 12, '2008-12-24 19:00:00', 1, 665, '3D'),
(58, 5, '2009-01-13 13:00:00', 2, 290, '3D'),
(58, 7, '2008-12-13 13:00:00', 1, 706, '3D'),
(58, 17, '2009-01-16 22:00:00', 2, 292, '3D'),
(58, 2, '2009-01-24 22:00:00', 4, 306, '2D'),
(58, 1, '2009-01-27 10:00:00', 6, 689, '2D'),
(59, 22, '2007-12-21 22:00:00', 1, 396, '2D'),
(59, 13, '2008-02-13 22:00:00', 1, 300, '2D'),
(59, 3, '2008-02-11 19:00:00', 5, 787, 'IMAX'),
(59, 22, '2008-01-18 19:00:00', 2, 667, '3D'),
(59, 9, '2008-01-30 13:00:00', 4, 427, '3D'),
(59, 18, '2007-12-30 13:00:00', 6, 557, '2D'),
(60, 6, '2007-12-26 16:00:00', 4, 291, '3D'),
(60, 2, '2007-12-05 19:00:00', 2, 794, '3D'),
(60, 21, '2007-11-22 19:00:00', 4, 390, '3D'),
(60, 24, '2007-12-07 16:00:00', 2, 354, '3D'),
(60, 11, '2007-11-17 13:00:00', 5, 586, '3D'),
(60, 7, '2008-01-08 22:00:00', 4, 627, '2D'),
(60, 12, '2007-11-22 19:00:00', 2, 405, '3D'),
(60, 18, '2008-01-05 13:00:00', 1, 686, '3D'),
(60, 11, '2007-12-21 19:00:00', 5, 412, '2D'),
(61, 1, '2007-09-15 16:00:00', 3, 1043, '3D'),
(61, 19, '2007-09-20 13:00:00', 3, 367, '2D'),
(61, 14, '2007-09-08 13:00:00', 3, 299, '3D'),
(61, 11, '2007-09-22 10:00:00', 1, 265, '2D'),
(61, 1, '2007-08-31 16:00:00', 6, 452, '2D'),
(61, 24, '2007-08-23 16:00:00', 1, 313, '2D'),
(61, 11, '2007-09-09 16:00:00', 2, 389, '3D'),
(61, 4, '2007-10-06 19:00:00', 2, 440, '2D'),
(61, 18, '2007-08-20 19:00:00', 5, 839, '3D'),
(61, 23, '2007-08-17 19:00:00', 1, 513, '2D'),
(61, 25, '2007-08-18 19:00:00', 2, 339, '2D'),
(61, 6, '2007-09-16 22:00:00', 4, 641, '2D'),
(62, 15, '2006-12-19 16:00:00', 3, 856, '3D'),
(62, 12, '2006-10-31 19:00:00', 3, 273, '2D'),
(62, 4, '2006-11-29 10:00:00', 3, 613, '2D'),
(62, 20, '2006-10-21 16:00:00', 2, 655, '3D'),
(62, 7, '2006-11-20 10:00:00', 2, 581, '2D'),
(62, 8, '2006-11-05 16:00:00', 4, 439, '3D'),
(62, 9, '2006-12-01 22:00:00', 3, 236, '3D'),
(63, 20, '2006-03-14 19:00:00', 3, 247, '2D'),
(63, 16, '2006-02-19 19:00:00', 3, 210, '3D'),
(63, 12, '2006-02-21 13:00:00', 3, 566, '3D'),
(63, 24, '2006-03-02 16:00:00', 2, 254, '3D'),
(63, 3, '2006-03-18 22:00:00', 3, 982, '2D'),
(63, 1, '2006-02-10 16:00:00', 3, 436, '2D'),
(63, 5, '2006-03-16 10:00:00', 1, 314, '2D'),
(64, 20, '2005-02-13 10:00:00', 3, 699, '2D'),
(64, 4, '2005-02-12 10:00:00', 6, 489, 'IMAX'),
(64, 3, '2005-02-04 13:00:00', 7, 743, '2D'),
(64, 2, '2005-02-28 13:00:00', 5, 568, '2D'),
(64, 7, '2005-03-14 16:00:00', 4, 445, '3D'),
(64, 19, '2005-03-04 10:00:00', 3, 256, '2D'),
(64, 6, '2005-02-20 22:00:00', 5, 417, '2D'),
(64, 23, '2005-03-20 13:00:00', 1, 563, '2D'),
(64, 11, '2005-02-14 16:00:00', 5, 418, '2D'),
(64, 14, '2005-02-17 16:00:00', 2, 392, '3D'),
(65, 1, '2004-11-30 10:00:00', 3, 1132, '3D'),
(65, 3, '2004-12-21 19:00:00', 1, 740, '2D'),
(65, 24, '2004-12-02 22:00:00', 2, 457, '2D'),
(65, 3, '2004-12-10 19:00:00', 6, 666, '3D'),
(65, 16, '2004-12-30 22:00:00', 3, 442, '3D'),
(65, 8, '2004-11-14 19:00:00', 3, 563, '2D'),
(65, 15, '2004-12-11 13:00:00', 4, 751, '3D'),
(65, 24, '2004-12-08 16:00:00', 1, 168, '3D'),
(65, 21, '2004-12-07 19:00:00', 1, 370, '2D'),
(65, 6, '2004-12-19 10:00:00', 2, 458, '2D'),
(65, 13, '2004-11-21 13:00:00', 3, 324, '3D'),
(65, 16, '2004-11-22 13:00:00', 3, 347, '3D'),
(65, 16, '2004-12-09 19:00:00', 2, 414, '3D'),
(66, 12, '2003-12-02 22:00:00', 4, 369, '2D'),
(66, 5, '2003-12-31 19:00:00', 2, 731, '2D'),
(66, 1, '2003-12-19 22:00:00', 5, 1005, '2D'),
(66, 20, '2004-01-05 16:00:00', 5, 360, '2D'),
(66, 24, '2004-01-18 16:00:00', 1, 508, '3D'),
(67, 3, '2002-08-04 13:00:00', 2, 727, 'IMAX'),
(67, 23, '2002-09-08 19:00:00', 3, 334, '2D'),
(67, 18, '2002-08-25 16:00:00', 2, 463, '3D'),
(67, 19, '2002-08-26 13:00:00', 3, 465, '2D'),
(67, 16, '2002-09-06 22:00:00', 3, 201, '3D'),
(67, 13, '2002-08-20 22:00:00', 1, 350, '2D'),
(67, 15, '2002-07-16 13:00:00', 4, 736, '3D'),
(67, 23, '2002-08-04 19:00:00', 1, 572, '2D'),
(67, 8, '2002-08-01 22:00:00', 4, 392, '2D'),
(67, 9, '2002-08-12 13:00:00', 2, 355, '3D'),
(67, 20, '2002-07-30 22:00:00', 2, 290, '2D'),
(67, 10, '2002-08-31 10:00:00', 4, 372, '2D'),
(68, 7, '2001-06-16 10:00:00', 4, 284, 'IMAX'),
(68, 15, '2001-07-13 22:00:00', 4, 916, '2D'),
(68, 20, '2001-08-02 16:00:00', 1, 549, '3D'),
(68, 9, '2001-07-30 16:00:00', 4, 505, '2D'),
(68, 19, '2001-07-05 10:00:00', 1, 170, '2D'),
(68, 18, '2001-07-05 10:00:00', 5, 648, '2D'),
(68, 14, '2001-07-10 22:00:00', 2, 265, '3D'),
(68, 21, '2001-07-05 22:00:00', 1, 472, '3D'),
(68, 24, '2001-07-16 13:00:00', 1, 188, '2D'),
(69, 17, '2002-02-12 10:00:00', 2, 575, '2D'),
(69, 12, '2001-12-19 10:00:00', 3, 415, '3D'),
(69, 13, '2002-01-16 13:00:00', 4, 399, '2D'),
(69, 3, '2001-12-24 16:00:00', 7, 418, '3D'),
(69, 8, '2002-01-24 10:00:00', 1, 559, '2D'),
(69, 23, '2002-01-13 13:00:00', 1, 195, '2D'),
(70, 5, '2004-07-22 10:00:00', 4, 621, '3D'),
(70, 25, '2004-08-02 19:00:00', 3, 156, '3D'),
(70, 3, '2004-08-08 13:00:00', 2, 336, 'IMAX'),
(70, 16, '2004-07-24 22:00:00', 1, 551, '2D'),
(70, 17, '2004-07-27 22:00:00', 2, 318, '2D'),
(70, 21, '2004-07-19 22:00:00', 3, 467, '3D'),
(70, 6, '2004-08-19 16:00:00', 3, 892, '2D'),
(71, 9, '2006-12-01 19:00:00', 3, 528, '3D'),
(71, 15, '2006-12-07 10:00:00', 1, 465, '3D'),
(71, 4, '2006-12-06 16:00:00', 6, 868, '2D'),
(71, 7, '2006-12-17 13:00:00', 1, 729, '3D'),
(71, 9, '2006-12-26 10:00:00', 3, 207, '2D'),
(71, 6, '2006-12-07 19:00:00', 6, 781, '3D'),
(71, 15, '2007-01-21 22:00:00', 4, 779, '2D'),
(71, 10, '2006-11-28 10:00:00', 1, 495, '2D'),
(71, 20, '2007-01-17 10:00:00', 3, 239, '2D'),
(71, 15, '2006-11-30 13:00:00', 3, 330, '2D'),
(72, 14, '2013-12-24 10:00:00', 2, 317, '3D'),
(72, 25, '2014-02-15 13:00:00', 2, 205, '2D'),
(72, 15, '2013-12-27 13:00:00', 4, 307, '2D'),
(72, 4, '2014-01-04 22:00:00', 5, 751, 'IMAX'),
(72, 9, '2014-02-02 10:00:00', 4, 483, '2D'),
(72, 7, '2014-02-01 10:00:00', 1, 641, 'IMAX'),
(72, 14, '2014-01-15 22:00:00', 1, 263, '3D'),
(72, 22, '2014-02-07 16:00:00', 3, 649, '2D'),
(73, 9, '2006-08-04 13:00:00', 2, 334, '2D'),
(73, 1, '2006-08-17 22:00:00', 7, 936, '2D'),
(73, 8, '2006-07-11 22:00:00', 1, 396, '2D'),
(73, 15, '2006-07-16 22:00:00', 6, 656, '2D'),
(73, 5, '2006-08-09 13:00:00', 4, 580, '3D'),
(73, 13, '2006-07-22 13:00:00', 3, 363, '3D'),
(73, 25, '2006-08-05 16:00:00', 2, 421, '3D'),
(73, 3, '2006-07-14 19:00:00', 6, 667, '2D'),
(74, 22, '2013-12-27 22:00:00', 3, 222, '2D'),
(74, 5, '2013-12-05 13:00:00', 5, 388, '3D'),
(74, 23, '2013-11-06 22:00:00', 1, 388, '3D'),
(74, 2, '2013-12-07 22:00:00', 3, 244, '2D'),
(74, 6, '2013-12-14 10:00:00', 4, 612, '2D'),
(74, 24, '2013-12-06 19:00:00', 3, 358, '3D'),
(74, 19, '2013-12-18 10:00:00', 3, 370, '3D'),
(74, 21, '2013-11-10 10:00:00', 2, 610, '3D'),
(74, 4, '2013-12-15 19:00:00', 2, 598, '2D'),
(74, 7, '2013-12-31 10:00:00', 1, 450, '2D'),
(74, 10, '2013-11-14 10:00:00', 1, 275, '2D'),
(74, 15, '2013-12-31 19:00:00', 6, 642, '3D'),
(74, 23, '2013-11-22 13:00:00', 2, 372, '3D'),
(75, 20, '2017-06-07 10:00:00', 4, 270, '3D'),
(75, 11, '2017-04-29 19:00:00', 4, 346, '3D'),
(75, 25, '2017-05-25 16:00:00', 3, 444, '2D'),
(75, 16, '2017-05-22 10:00:00', 4, 211, '2D'),
(75, 9, '2017-05-03 19:00:00', 1, 320, '2D'),
(75, 24, '2017-05-13 10:00:00', 2, 465, '3D'),
(75, 10, '2017-05-11 10:00:00', 4, 494, '3D'),
(75, 22, '2017-06-04 22:00:00', 1, 642, '2D'),
(75, 3, '2017-05-15 22:00:00', 4, 878, '3D'),
(75, 24, '2017-05-14 22:00:00', 1, 455, '2D'),
(75, 6, '2017-05-16 16:00:00', 1, 436, '3D'),
(76, 14, '2016-11-12 13:00:00', 1, 253, '2D'),
(76, 16, '2016-09-30 19:00:00', 2, 390, '2D'),
(76, 10, '2016-10-14 13:00:00', 4, 354, '2D'),
(76, 23, '2016-10-06 13:00:00', 1, 258, '2D'),
(76, 19, '2016-10-28 19:00:00', 2, 416, '2D'),
(76, 23, '2016-11-09 19:00:00', 1, 452, '3D'),
(76, 2, '2016-10-27 10:00:00', 1, 672, '3D'),
(76, 9, '2016-10-30 13:00:00', 2, 400, '3D'),
(76, 1, '2016-11-05 19:00:00', 4, 551, 'IMAX'),
(76, 18, '2016-10-30 13:00:00', 6, 332, '3D'),
(77, 4, '2016-02-03 13:00:00', 3, 435, '2D'),
(77, 1, '2016-01-29 22:00:00', 5, 897, '2D'),
(77, 1, '2016-02-11 13:00:00', 8, 609, '2D'),
(77, 22, '2016-02-21 10:00:00', 2, 446, '3D'),
(77, 13, '2016-01-31 22:00:00', 2, 527, '2D'),
(77, 25, '2016-02-21 22:00:00', 1, 406, '2D'),
(77, 8, '2016-03-15 13:00:00', 3, 530, '3D'),
(77, 14, '2016-03-10 16:00:00', 1, 395, '2D'),
(77, 1, '2016-03-08 19:00:00', 7, 742, 'IMAX'),
(77, 8, '2016-02-21 13:00:00', 4, 524, '2D'),
(77, 20, '2016-02-22 22:00:00', 4, 304, '3D'),
(78, 3, '2016-11-04 16:00:00', 1, 956, '2D'),
(78, 13, '2016-10-15 16:00:00', 3, 518, '3D'),
(78, 20, '2016-11-13 22:00:00', 4, 543, '3D'),
(78, 13, '2016-10-16 19:00:00', 1, 358, '2D'),
(78, 18, '2016-10-02 16:00:00', 3, 538, '2D'),
(78, 17, '2016-10-06 13:00:00', 3, 684, '2D'),
(78, 7, '2016-09-28 19:00:00', 5, 598, '3D'),
(78, 9, '2016-10-28 22:00:00', 2, 532, '3D'),
(78, 25, '2016-09-28 22:00:00', 3, 329, '3D'),
(78, 11, '2016-11-06 22:00:00', 5, 452, '2D'),
(78, 4, '2016-10-26 22:00:00', 2, 537, '3D'),
(79, 6, '2016-04-10 19:00:00', 4, 521, '3D'),
(79, 19, '2016-04-21 16:00:00', 1, 336, '3D'),
(79, 3, '2016-04-11 10:00:00', 4, 863, 'IMAX'),
(79, 7, '2016-05-16 22:00:00', 4, 761, '3D'),
(79, 9, '2016-03-30 19:00:00', 1, 331, '3D'),
(79, 16, '2016-04-17 16:00:00', 4, 415, '2D'),
(79, 5, '2016-03-25 10:00:00', 1, 595, '2D'),
(79, 9, '2016-04-22 13:00:00', 3, 469, '2D'),
(79, 24, '2016-03-31 22:00:00', 3, 176, '3D'),
(79, 1, '2016-04-26 16:00:00', 5, 1096, 'IMAX'),
(80, 8, '2015-10-27 22:00:00', 3, 519, '2D'),
(80, 8, '2015-09-19 13:00:00', 3, 493, '2D'),
(80, 13, '2015-10-22 13:00:00', 1, 501, '2D'),
(80, 19, '2015-11-08 10:00:00', 1, 410, '3D'),
(80, 14, '2015-10-03 13:00:00', 3, 409, '2D'),
(80, 8, '2015-09-24 16:00:00', 2, 211, '3D'),
(80, 19, '2015-10-16 10:00:00', 1, 271, '3D'),
(80, 14, '2015-10-16 19:00:00', 3, 250, '3D'),
(81, 1, '2012-12-13 19:00:00', 8, 1049, '3D'),
(81, 11, '2012-12-01 22:00:00', 5, 471, '3D'),
(81, 15, '2012-12-09 19:00:00', 5, 355, '3D'),
(81, 13, '2012-12-13 19:00:00', 3, 346, '2D'),
(81, 8, '2013-01-26 22:00:00', 4, 328, '3D'),
(81, 1, '2013-01-10 19:00:00', 2, 1074, '2D'),
(81, 13, '2012-12-23 19:00:00', 1, 381, '3D'),
(81, 24, '2013-01-27 19:00:00', 1, 373, '3D'),
(81, 12, '2012-12-17 19:00:00', 3, 391, '2D'),
(81, 6, '2013-01-23 22:00:00', 6, 869, '2D'),
(81, 17, '2013-01-23 16:00:00', 4, 228, '2D'),
(82, 3, '2012-03-14 22:00:00', 6, 930, '2D'),
(82, 9, '2012-04-11 13:00:00', 4, 325, '2D'),
(82, 5, '2012-03-26 19:00:00', 2, 415, '3D'),
(82, 6, '2012-03-23 10:00:00', 5, 364, '2D'),
(82, 21, '2012-03-27 19:00:00', 4, 463, '2D'),
(82, 8, '2012-04-29 10:00:00', 1, 310, '2D'),
(82, 9, '2012-04-12 22:00:00', 4, 258, '2D'),
(82, 24, '2012-03-18 13:00:00', 1, 429, '2D'),
(83, 6, '2012-10-16 22:00:00', 5, 291, '3D'),
(83, 13, '2012-09-24 13:00:00', 4, 210, '2D'),
(83, 8, '2012-10-20 19:00:00', 3, 610, '3D'),
(83, 15, '2012-09-21 22:00:00', 2, 530, 'IMAX'),
(83, 3, '2012-09-14 22:00:00', 4, 594, '2D'),
(83, 22, '2012-10-19 22:00:00', 4, 478, '3D'),
(83, 21, '2012-11-03 16:00:00', 4, 493, '3D'),
(83, 14, '2012-10-16 10:00:00', 1, 429, '2D'),
(83, 3, '2012-11-06 22:00:00', 1, 605, '3D'),
(83, 13, '2012-10-03 16:00:00', 1, 377, '3D'),
(84, 25, '2012-07-05 13:00:00', 3, 366, '2D'),
(84, 19, '2012-08-02 13:00:00', 2, 316, '2D'),
(84, 1, '2012-07-08 19:00:00', 7, 858, '3D'),
(84, 12, '2012-07-21 10:00:00', 4, 270, '2D'),
(84, 5, '2012-07-10 16:00:00', 1, 608, '2D'),
(84, 13, '2012-06-26 16:00:00', 3, 492, '3D'),
(84, 18, '2012-06-26 13:00:00', 3, 624, '3D'),
(84, 17, '2012-06-22 22:00:00', 2, 261, '2D'),
(85, 1, '2012-01-27 16:00:00', 7, 819, '3D'),
(85, 15, '2012-02-13 22:00:00', 1, 652, '3D'),
(85, 4, '2012-02-22 22:00:00', 1, 811, '3D'),
(85, 17, '2012-02-04 16:00:00', 4, 687, '2D'),
(85, 23, '2012-03-12 16:00:00', 3, 543, '3D'),
(86, 25, '2012-11-18 16:00:00', 2, 459, '2D'),
(86, 8, '2012-11-15 13:00:00', 1, 365, '2D'),
(86, 14, '2012-12-09 22:00:00', 2, 251, '2D'),
(86, 9, '2012-11-13 10:00:00', 2, 228, '2D'),
(86, 24, '2013-01-02 19:00:00', 1, 189, '3D'),
(86, 22, '2012-11-20 16:00:00', 4, 241, '3D'),
(86, 24, '2013-01-06 22:00:00', 2, 396, '3D'),
(87, 24, '2009-09-23 22:00:00', 2, 496, '3D'),
(87, 22, '2009-10-04 13:00:00', 2, 505, '3D'),
(87, 14, '2009-08-31 16:00:00', 3, 342, '3D'),
(87, 24, '2009-08-17 16:00:00', 2, 458, '3D'),
(87, 5, '2009-10-07 19:00:00', 2, 449, '2D'),
(87, 4, '2009-09-09 22:00:00', 4, 694, '3D'),
(87, 10, '2009-08-29 10:00:00', 4, 263, '2D'),
(87, 2, '2009-09-08 19:00:00', 2, 682, '3D'),
(87, 1, '2009-08-21 19:00:00', 4, 675, '3D'),
(87, 13, '2009-09-08 16:00:00', 2, 406, '2D'),
(87, 20, '2009-09-04 16:00:00', 5, 391, '2D'),
(87, 13, '2009-08-20 10:00:00', 1, 228, '2D'),
(87, 18, '2009-10-12 10:00:00', 1, 419, '2D'),
(88, 2, '2009-02-24 22:00:00', 3, 615, '2D'),
(88, 2, '2009-04-04 10:00:00', 3, 557, '2D'),
(88, 19, '2009-02-08 13:00:00', 1, 476, '2D'),
(88, 13, '2009-02-12 22:00:00', 3, 322, '3D'),
(88, 3, '2009-02-14 22:00:00', 4, 366, '3D'),
(88, 6, '2009-03-09 16:00:00', 2, 891, '2D'),
(88, 13, '2009-03-20 19:00:00', 4, 269, '3D'),
(89, 10, '2009-04-02 19:00:00', 4, 541, '3D'),
(89, 10, '2009-03-05 13:00:00', 4, 303, '3D'),
(89, 2, '2009-02-23 10:00:00', 2, 360, '2D'),
(89, 5, '2009-04-07 16:00:00', 3, 300, '2D'),
(89, 19, '2009-04-06 19:00:00', 2, 408, '2D'),
(89, 21, '2009-04-20 19:00:00', 2, 546, '3D'),
(89, 2, '2009-03-02 16:00:00', 2, 640, '3D'),
(89, 2, '2009-04-14 13:00:00', 4, 498, '2D'),
(89, 15, '2009-04-11 13:00:00', 4, 607, '3D'),
(89, 24, '2009-04-03 13:00:00', 3, 317, '3D'),
(89, 6, '2009-03-18 16:00:00', 4, 365, '3D'),
(89, 2, '2009-03-07 19:00:00', 5, 765, '2D'),
(89, 7, '2009-02-22 16:00:00', 3, 264, '3D'),
(90, 11, '2008-11-20 13:00:00', 5, 463, '2D'),
(90, 5, '2008-12-27 22:00:00', 3, 742, '3D'),
(90, 17, '2008-12-11 19:00:00', 1, 604, '2D'),
(90, 18, '2009-01-01 16:00:00', 1, 731, 'IMAX'),
(90, 1, '2008-12-14 22:00:00', 8, 787, '2D'),
(90, 8, '2009-01-06 19:00:00', 2, 512, '3D'),
(90, 10, '2009-01-05 19:00:00', 3, 297, '2D'),
(90, 1, '2008-11-28 19:00:00', 4, 820, '2D'),
(90, 14, '2008-11-18 22:00:00', 3, 314, '2D'),
(90, 1, '2009-01-02 19:00:00', 1, 974, '3D'),
(91, 18, '2008-04-04 19:00:00', 2, 382, '3D'),
(91, 24, '2008-02-26 13:00:00', 3, 435, '3D'),
(91, 22, '2008-02-20 19:00:00', 2, 369, '3D'),
(91, 4, '2008-04-02 16:00:00', 2, 549, 'IMAX'),
(91, 9, '2008-02-25 13:00:00', 2, 413, '3D'),
(91, 4, '2008-03-05 22:00:00', 6, 840, '3D'),
(91, 3, '2008-02-24 10:00:00', 7, 424, 'IMAX'),
(91, 3, '2008-02-26 19:00:00', 7, 416, '3D'),
(92, 17, '2008-03-25 22:00:00', 4, 272, '3D'),
(92, 3, '2008-03-15 13:00:00', 4, 480, '2D'),
(92, 9, '2008-04-20 10:00:00', 1, 512, '2D'),
(92, 5, '2008-03-03 16:00:00', 4, 423, '3D'),
(92, 11, '2008-04-12 10:00:00', 4, 603, '3D'),
(92, 25, '2008-03-06 22:00:00', 1, 229, '3D'),
(93, 25, '2007-02-28 19:00:00', 3, 260, '2D'),
(93, 25, '2007-02-05 16:00:00', 3, 308, '3D'),
(93, 2, '2007-02-09 22:00:00', 1, 432, '2D'),
(93, 1, '2007-02-22 10:00:00', 7, 706, '3D'),
(93, 15, '2007-03-06 22:00:00', 5, 374, 'IMAX'),
(93, 25, '2007-02-18 19:00:00', 2, 213, '2D'),
(93, 18, '2007-01-19 16:00:00', 6, 297, '3D'),
(93, 10, '2007-01-30 10:00:00', 1, 199, '3D'),
(93, 22, '2007-02-25 13:00:00', 4, 333, '2D'),
(93, 11, '2007-01-16 16:00:00', 5, 715, '3D'),
(93, 16, '2007-02-28 10:00:00', 4, 345, '3D'),
(93, 10, '2007-01-23 13:00:00', 1, 544, '3D'),
(94, 20, '2016-06-26 16:00:00', 1, 344, '2D'),
(94, 11, '2016-06-14 22:00:00', 2, 511, '2D'),
(94, 8, '2016-06-20 22:00:00', 1, 369, '2D'),
(94, 23, '2016-07-31 16:00:00', 3, 456, '3D'),
(94, 13, '2016-06-22 16:00:00', 1, 401, '2D'),
(94, 24, '2016-06-11 22:00:00', 1, 191, '2D'),
(94, 4, '2016-07-03 22:00:00', 4, 654, '2D'),
(94, 9, '2016-07-10 10:00:00', 2, 482, '2D'),
(94, 6, '2016-07-14 10:00:00', 6, 852, '2D'),
(94, 1, '2016-06-13 19:00:00', 4, 1115, '2D'),
(94, 22, '2016-07-09 19:00:00', 2, 607, '3D'),
(94, 8, '2016-06-30 13:00:00', 4, 318, '2D'),
(94, 10, '2016-06-11 22:00:00', 4, 387, '3D'),
(94, 9, '2016-07-12 19:00:00', 1, 633, '2D'),
(95, 20, '2015-07-31 22:00:00', 4, 345, '3D'),
(95, 24, '2015-09-13 13:00:00', 3, 221, '3D'),
(95, 19, '2015-09-11 10:00:00', 1, 289, '2D'),
(95, 8, '2015-09-15 13:00:00', 4, 246, '2D'),
(95, 9, '2015-09-05 10:00:00', 2, 196, '2D'),
(95, 14, '2015-08-21 13:00:00', 2, 279, '2D'),
(95, 24, '2015-09-24 19:00:00', 2, 344, '2D'),
(95, 22, '2015-08-28 13:00:00', 2, 540, '3D'),
(95, 13, '2015-08-12 19:00:00', 2, 526, '3D'),
(95, 9, '2015-08-03 19:00:00', 1, 324, '3D'),
(95, 6, '2015-09-19 19:00:00', 6, 331, '2D'),
(95, 10, '2015-08-26 13:00:00', 3, 236, '2D'),
(95, 9, '2015-08-27 19:00:00', 1, 588, '2D'),
(95, 3, '2015-08-19 19:00:00', 2, 959, '3D'),
(95, 23, '2015-09-22 16:00:00', 2, 418, '3D'),
(96, 8, '2003-11-15 13:00:00', 1, 278, '3D'),
(96, 16, '2003-10-03 10:00:00', 2, 474, '3D'),
(96, 24, '2003-10-22 10:00:00', 3, 286, '3D'),
(96, 22, '2003-11-05 10:00:00', 1, 407, '3D'),
(96, 4, '2003-10-07 22:00:00', 2, 543, 'IMAX'),
(96, 19, '2003-10-29 10:00:00', 3, 416, '2D'),
(96, 1, '2003-10-25 19:00:00', 1, 709, '3D'),
(96, 6, '2003-11-04 19:00:00', 6, 583, '2D'),
(96, 23, '2003-10-26 19:00:00', 3, 276, '3D'),
(96, 20, '2003-09-25 22:00:00', 4, 617, '3D'),
(96, 8, '2003-09-21 16:00:00', 3, 649, '3D'),
(96, 25, '2003-10-23 13:00:00', 2, 314, '2D'),
(97, 1, '2017-03-18 19:00:00', 4, 500, '2D'),
(97, 7, '2017-02-16 13:00:00', 4, 816, '2D'),
(97, 24, '2017-02-23 10:00:00', 1, 345, '2D'),
(97, 1, '2017-02-17 13:00:00', 8, 647, '3D'),
(97, 11, '2017-03-21 16:00:00', 1, 276, '2D'),
(97, 18, '2017-02-12 16:00:00', 6, 751, '2D'),
(97, 6, '2017-04-10 19:00:00', 2, 771, '2D'),
(97, 4, '2017-03-19 16:00:00', 5, 519, 'IMAX'),
(97, 14, '2017-04-10 22:00:00', 2, 356, '3D'),
(97, 1, '2017-03-24 13:00:00', 4, 641, '2D'),
(97, 8, '2017-03-28 13:00:00', 2, 301, '2D'),
(97, 5, '2017-03-11 13:00:00', 4, 287, '3D'),
(97, 5, '2017-02-17 16:00:00', 3, 434, '2D'),
(98, 23, '2016-10-04 19:00:00', 2, 255, '2D'),
(98, 6, '2016-08-14 19:00:00', 2, 815, '3D'),
(98, 3, '2016-08-16 10:00:00', 4, 457, '2D'),
(98, 8, '2016-08-29 19:00:00', 3, 575, '2D'),
(98, 20, '2016-09-09 22:00:00', 2, 663, '2D'),
(98, 9, '2016-08-28 10:00:00', 2, 505, '3D'),
(98, 13, '2016-09-05 10:00:00', 4, 581, '3D'),
(99, 23, '2019-09-07 22:00:00', 1, 201, '2D'),
(99, 18, '2019-07-15 22:00:00', 2, 794, '2D'),
(99, 5, '2019-09-08 22:00:00', 5, 276, '2D'),
(99, 3, '2019-08-16 22:00:00', 3, 385, 'IMAX'),
(99, 3, '2019-08-02 13:00:00', 2, 862, 'IMAX'),
(99, 14, '2019-09-04 13:00:00', 1, 279, '3D'),
(100, 17, '2017-09-19 19:00:00', 1, 436, '2D'),
(100, 18, '2017-09-28 13:00:00', 4, 593, 'IMAX'),
(100, 9, '2017-08-12 10:00:00', 1, 211, '3D'),
(100, 23, '2017-10-05 10:00:00', 1, 544, '2D'),
(100, 6, '2017-08-16 10:00:00', 4, 464, '2D'),
(100, 18, '2017-09-30 13:00:00', 6, 290, '2D'),
(101, 13, '2017-04-29 16:00:00', 3, 444, '2D'),
(101, 6, '2017-04-13 22:00:00', 5, 421, '2D'),
(101, 16, '2017-04-10 13:00:00', 1, 459, '3D'),
(101, 25, '2017-04-11 16:00:00', 1, 462, '3D'),
(101, 16, '2017-04-11 10:00:00', 4, 414, '2D'),
(101, 20, '2017-03-10 19:00:00', 2, 495, '2D'),
(101, 21, '2017-03-15 22:00:00', 3, 368, '3D'),
(101, 13, '2017-04-15 19:00:00', 2, 248, '3D'),
(101, 9, '2017-03-30 16:00:00', 1, 384, '2D'),
(101, 6, '2017-04-25 10:00:00', 5, 312, '3D'),
(102, 2, '2017-10-12 22:00:00', 4, 486, '3D'),
(102, 18, '2017-11-18 22:00:00', 5, 281, '3D'),
(102, 5, '2017-10-02 10:00:00', 1, 499, '2D'),
(102, 9, '2017-11-24 16:00:00', 1, 479, '2D'),
(102, 24, '2017-11-22 22:00:00', 1, 485, '3D'),
(102, 16, '2017-11-01 13:00:00', 4, 291, '2D'),
(102, 21, '2017-10-24 13:00:00', 2, 320, '2D'),
(102, 3, '2017-10-24 16:00:00', 6, 933, 'IMAX'),
(102, 17, '2017-10-25 10:00:00', 2, 362, '3D'),
(102, 14, '2017-10-22 22:00:00', 3, 543, '2D'),
(102, 7, '2017-11-17 19:00:00', 1, 512, 'IMAX'),
(102, 13, '2017-11-28 13:00:00', 4, 509, '3D'),
(103, 25, '2017-07-13 19:00:00', 1, 165, '3D'),
(103, 24, '2017-06-09 13:00:00', 3, 434, '3D'),
(103, 7, '2017-06-30 19:00:00', 4, 341, '2D'),
(103, 14, '2017-07-13 22:00:00', 3, 322, '3D'),
(103, 17, '2017-07-07 16:00:00', 1, 325, '2D'),
(103, 18, '2017-07-11 13:00:00', 3, 546, '2D'),
(103, 20, '2017-07-01 16:00:00', 1, 576, '2D'),
(103, 2, '2017-06-03 13:00:00', 2, 449, '3D'),
(103, 7, '2017-06-25 19:00:00', 1, 577, '3D'),
(103, 5, '2017-05-24 19:00:00', 5, 321, '2D'),
(104, 24, '2017-08-31 13:00:00', 3, 180, '2D'),
(104, 19, '2017-09-06 19:00:00', 1, 509, '2D'),
(104, 5, '2017-09-07 10:00:00', 2, 555, '3D'),
(104, 2, '2017-08-02 16:00:00', 4, 757, '2D'),
(104, 4, '2017-09-15 22:00:00', 6, 850, '3D'),
(104, 1, '2017-09-18 22:00:00', 1, 387, '2D'),
(104, 11, '2017-08-04 22:00:00', 2, 497, '3D'),
(104, 1, '2017-08-21 19:00:00', 8, 701, 'IMAX'),
(104, 24, '2017-09-18 19:00:00', 1, 461, '3D'),
(104, 20, '2017-08-22 16:00:00', 5, 604, '2D'),
(104, 2, '2017-08-16 22:00:00', 1, 312, '2D'),
(104, 25, '2017-08-03 13:00:00', 2, 420, '3D'),
(105, 17, '2017-10-13 22:00:00', 1, 639, '3D'),
(105, 25, '2017-10-04 13:00:00', 3, 231, '3D'),
(105, 20, '2017-09-26 16:00:00', 4, 473, '2D'),
(105, 11, '2017-09-26 10:00:00', 3, 263, '3D'),
(105, 5, '2017-11-21 10:00:00', 3, 268, '3D'),
(105, 8, '2017-11-20 19:00:00', 4, 412, '3D'),
(105, 17, '2017-09-29 19:00:00', 2, 592, '2D'),
(105, 2, '2017-11-16 13:00:00', 5, 296, '2D'),
(105, 13, '2017-11-17 10:00:00', 1, 497, '3D'),
(105, 5, '2017-09-26 10:00:00', 2, 553, '3D'),
(105, 25, '2017-10-08 10:00:00', 2, 318, '2D'),
(106, 18, '2017-10-07 19:00:00', 4, 375, 'IMAX'),
(106, 25, '2017-10-10 16:00:00', 3, 251, '2D'),
(106, 24, '2017-09-08 22:00:00', 2, 279, '2D'),
(106, 17, '2017-10-20 16:00:00', 3, 309, '3D'),
(106, 16, '2017-09-27 13:00:00', 2, 215, '2D'),
(106, 12, '2017-09-04 19:00:00', 3, 256, '2D'),
(106, 20, '2017-10-03 22:00:00', 5, 605, '2D'),
(106, 10, '2017-10-07 19:00:00', 1, 273, '3D'),
(106, 19, '2017-09-26 22:00:00', 3, 468, '2D'),
(106, 21, '2017-10-20 16:00:00', 4, 502, '3D'),
(106, 21, '2017-09-06 13:00:00', 3, 450, '3D'),
(106, 12, '2017-10-11 13:00:00', 2, 495, '3D'),
(106, 19, '2017-09-19 16:00:00', 3, 172, '2D'),
(109, 7, '2024-12-11 16:00:00', 2, 444, '2D'),
(109, 25, '2024-12-30 10:00:00', 3, 432, '3D'),
(109, 20, '2025-01-09 19:00:00', 2, 712, '2D'),
(109, 4, '2025-01-31 19:00:00', 6, 316, '3D'),
(109, 24, '2024-12-24 13:00:00', 3, 443, '2D'),
(109, 20, '2024-12-25 22:00:00', 2, 598, '2D'),
(109, 22, '2025-01-27 10:00:00', 3, 620, '2D'),
(109, 14, '2024-12-14 22:00:00', 3, 529, '2D'),
(109, 11, '2025-01-09 19:00:00', 2, 627, '2D'),
(109, 25, '2025-01-08 16:00:00', 2, 219, '3D'),
(109, 18, '2024-12-27 10:00:00', 6, 680, '3D'),
(109, 1, '2024-12-11 13:00:00', 3, 1048, '3D'),
(109, 11, '2025-02-02 16:00:00', 1, 600, '3D'),
(109, 25, '2024-12-30 13:00:00', 1, 421, '3D'),
(110, 17, '2025-01-29 10:00:00', 1, 670, '3D'),
(110, 16, '2024-12-20 22:00:00', 4, 195, '2D'),
(110, 13, '2024-12-23 22:00:00', 4, 245, '2D'),
(110, 3, '2025-01-01 10:00:00', 3, 926, 'IMAX'),
(110, 3, '2025-01-28 10:00:00', 3, 963, '2D'),
(110, 21, '2025-02-12 10:00:00', 3, 560, '2D'),
(110, 14, '2025-02-13 13:00:00', 3, 496, '2D'),
(110, 15, '2024-12-23 16:00:00', 2, 653, '2D'),
(110, 1, '2025-01-17 19:00:00', 5, 973, '3D');

-- =========================
-- 10. AWARDS & NOMINATIONS
-- =========================

INSERT INTO AWARD_NOMINATION (award_id, category_id, person_id, movie_id, song_id, ceremony_year, result) VALUES
(8, 15, 39, 2, NULL, 2024, 'Nominated'),
(7, 11, 39, 2, NULL, 2024, 'Nominated'),
(6, 1, 21, 2, NULL, 2024, 'Nominated'),
(8, 12, 25, 2, NULL, 2024, 'Nominated'),
(1, 3, 21, 2, NULL, 2024, 'Nominated'),
(2, 13, 17, 3, NULL, 2024, 'Won'),
(5, 2, 40, 3, NULL, 2024, 'Won'),
(8, 4, 28, 3, NULL, 2024, 'Nominated'),
(6, 6, 40, 3, NULL, 2024, 'Nominated'),
(2, 8, 25, 4, NULL, 2024, 'Nominated'),
(8, 1, 38, 4, NULL, 2024, 'Nominated'),
(3, 11, 32, 4, NULL, 2024, 'Won'),
(1, 7, 30, 5, NULL, 2024, 'Nominated'),
(4, 14, 42, 6, NULL, 2024, 'Nominated'),
(6, 3, 20, 6, NULL, 2024, 'Nominated'),
(6, 7, 26, 6, NULL, 2024, 'Won'),
(2, 15, 45, 7, NULL, 2025, 'Nominated'),
(5, 10, 26, 7, NULL, 2025, 'Nominated'),
(3, 14, 45, 7, NULL, 2025, 'Nominated'),
(7, 5, 9, 8, NULL, 2025, 'Won'),
(2, 7, 19, 9, NULL, 2025, 'Nominated'),
(1, 4, 13, 9, NULL, 2025, 'Nominated'),
(5, 14, 35, 9, NULL, 2025, 'Nominated'),
(2, 15, 37, 9, NULL, 2025, 'Nominated'),
(8, 11, 41, 9, NULL, 2025, 'Won'),
(3, 2, 35, 9, NULL, 2025, 'Nominated'),
(2, 15, 23, 10, NULL, 2024, 'Nominated'),
(3, 2, 36, 10, NULL, 2024, 'Nominated'),
(7, 3, 45, 10, NULL, 2024, 'Nominated'),
(8, 13, 45, 10, NULL, 2024, 'Nominated'),
(7, 14, 36, 10, NULL, 2024, 'Nominated'),
(4, 15, 31, 11, NULL, 2023, 'Nominated'),
(3, 9, 13, 11, NULL, 2023, 'Nominated'),
(6, 4, 25, 11, NULL, 2023, 'Nominated'),
(1, 8, 25, 11, NULL, 2023, 'Nominated'),
(7, 7, 32, 12, NULL, 2023, 'Nominated'),
(1, 7, 1, 12, NULL, 2023, 'Nominated'),
(7, 9, 36, 12, NULL, 2023, 'Nominated'),
(1, 6, 32, 12, NULL, 2023, 'Nominated'),
(3, 2, 36, 12, NULL, 2023, 'Won'),
(6, 6, 36, 13, NULL, 2023, 'Won'),
(7, 11, 17, 13, NULL, 2023, 'Won'),
(6, 9, 23, 13, NULL, 2023, 'Nominated'),
(5, 7, 8, 13, NULL, 2023, 'Won'),
(2, 9, 36, 13, NULL, 2023, 'Won'),
(3, 6, 14, 14, NULL, 2023, 'Nominated'),
(8, 13, 14, 14, NULL, 2023, 'Nominated'),
(5, 4, 8, 14, NULL, 2023, 'Nominated'),
(5, 13, 14, 14, NULL, 2023, 'Nominated'),
(3, 15, 30, 15, NULL, 2023, 'Nominated'),
(1, 10, 40, 16, NULL, 2023, 'Nominated'),
(7, 12, 42, 16, NULL, 2023, 'Nominated'),
(5, 9, 25, 16, NULL, 2023, 'Nominated'),
(5, 15, 42, 16, NULL, 2023, 'Nominated'),
(2, 11, 33, 16, NULL, 2023, 'Nominated'),
(8, 11, 42, 16, NULL, 2023, 'Nominated'),
(1, 12, 18, 17, NULL, 2023, 'Won'),
(3, 4, 20, 17, NULL, 2023, 'Nominated'),
(7, 8, 37, 17, NULL, 2023, 'Nominated'),
(3, 1, 20, 17, NULL, 2023, 'Nominated'),
(7, 13, 34, 17, NULL, 2023, 'Nominated'),
(2, 12, 18, 17, NULL, 2023, 'Nominated'),
(8, 7, 4, 18, NULL, 2022, 'Won'),
(7, 9, 3, 18, NULL, 2022, 'Nominated'),
(3, 14, 39, 18, NULL, 2022, 'Nominated'),
(4, 8, 32, 18, NULL, 2022, 'Nominated'),
(6, 11, 10, 19, NULL, 2022, 'Won'),
(3, 11, 40, 19, NULL, 2022, 'Nominated'),
(5, 15, 31, 19, NULL, 2022, 'Nominated'),
(6, 13, 25, 19, NULL, 2022, 'Nominated'),
(6, 11, 12, 20, NULL, 2022, 'Nominated'),
(1, 11, 28, 20, NULL, 2022, 'Won'),
(3, 13, 22, 20, NULL, 2022, 'Nominated'),
(5, 5, 36, 20, NULL, 2022, 'Nominated'),
(8, 10, 1, 21, NULL, 2022, 'Won'),
(6, 14, 43, 21, NULL, 2022, 'Nominated'),
(4, 11, 36, 21, NULL, 2022, 'Nominated'),
(5, 13, 24, 22, NULL, 2022, 'Nominated'),
(4, 14, 37, 22, NULL, 2022, 'Nominated'),
(2, 6, 24, 22, NULL, 2022, 'Won'),
(2, 11, 7, 22, NULL, 2022, 'Won'),
(6, 12, 24, 22, NULL, 2022, 'Won'),
(7, 3, 22, 23, NULL, 2021, 'Won'),
(4, 14, 40, 23, NULL, 2021, 'Nominated'),
(6, 2, 36, 24, NULL, 2021, 'Nominated'),
(2, 9, 20, 24, NULL, 2021, 'Nominated'),
(1, 11, 20, 24, NULL, 2021, 'Nominated'),
(7, 14, 44, 24, NULL, 2021, 'Nominated'),
(6, 13, 22, 25, NULL, 2020, 'Nominated'),
(5, 14, 9, 25, NULL, 2020, 'Nominated'),
(4, 5, 12, 25, NULL, 2020, 'Won'),
(2, 15, 26, 25, NULL, 2020, 'Nominated'),
(8, 3, 27, 26, NULL, 2020, 'Won'),
(6, 10, 37, 26, NULL, 2020, 'Nominated'),
(1, 2, 16, 26, NULL, 2020, 'Nominated'),
(5, 2, 16, 26, NULL, 2020, 'Nominated'),
(6, 4, 31, 28, NULL, 2020, 'Nominated'),
(3, 6, 43, 28, NULL, 2020, 'Nominated'),
(7, 8, 45, 29, NULL, 2020, 'Won'),
(6, 1, 32, 29, NULL, 2020, 'Nominated'),
(5, 14, 36, 29, NULL, 2020, 'Nominated'),
(2, 5, 32, 29, NULL, 2020, 'Won'),
(6, 3, 9, 29, NULL, 2020, 'Nominated'),
(2, 12, 5, 30, NULL, 2020, 'Nominated'),
(1, 10, 39, 30, NULL, 2020, 'Nominated'),
(1, 5, 13, 30, NULL, 2020, 'Won'),
(6, 7, 39, 30, NULL, 2020, 'Nominated'),
(7, 7, 35, 31, NULL, 2020, 'Nominated'),
(7, 13, 10, 31, NULL, 2020, 'Nominated'),
(5, 14, 37, 32, NULL, 2020, 'Won'),
(6, 9, 19, 32, NULL, 2020, 'Nominated'),
(5, 9, 21, 33, NULL, 2019, 'Nominated'),
(7, 6, 21, 33, NULL, 2019, 'Nominated'),
(5, 3, 41, 33, NULL, 2019, 'Won'),
(2, 2, 19, 33, NULL, 2019, 'Nominated'),
(1, 3, 28, 33, NULL, 2019, 'Nominated'),
(5, 6, 36, 35, NULL, 2019, 'Nominated'),
(2, 4, 37, 36, NULL, 2019, 'Nominated'),
(2, 13, 5, 37, NULL, 2019, 'Nominated'),
(2, 4, 33, 37, NULL, 2019, 'Nominated'),
(8, 1, 20, 37, NULL, 2019, 'Nominated'),
(7, 9, 38, 37, NULL, 2019, 'Nominated'),
(5, 5, 5, 37, NULL, 2019, 'Nominated'),
(7, 7, 20, 37, NULL, 2019, 'Nominated'),
(8, 3, 8, 38, NULL, 2016, 'Nominated'),
(4, 7, 8, 38, NULL, 2016, 'Nominated'),
(8, 12, 7, 38, NULL, 2016, 'Nominated'),
(3, 12, 26, 38, NULL, 2016, 'Won'),
(3, 15, 7, 38, NULL, 2016, 'Nominated'),
(4, 13, 40, 40, NULL, 2017, 'Nominated'),
(2, 12, 40, 40, NULL, 2017, 'Won'),
(2, 3, 40, 40, NULL, 2017, 'Nominated'),
(1, 11, 14, 40, NULL, 2017, 'Nominated'),
(1, 15, 34, 42, NULL, 2018, 'Nominated'),
(7, 5, 13, 42, NULL, 2018, 'Won'),
(8, 6, 34, 42, NULL, 2018, 'Nominated'),
(8, 7, 15, 43, NULL, 2017, 'Nominated'),
(8, 3, 39, 43, NULL, 2017, 'Nominated'),
(8, 8, 25, 43, NULL, 2017, 'Nominated'),
(6, 9, 25, 43, NULL, 2017, 'Nominated'),
(7, 3, 15, 43, NULL, 2017, 'Nominated'),
(6, 3, 15, 43, NULL, 2017, 'Won'),
(8, 7, 3, 44, NULL, 2018, 'Nominated'),
(2, 7, 34, 44, NULL, 2018, 'Nominated'),
(3, 12, 15, 44, NULL, 2018, 'Nominated'),
(8, 3, 34, 44, NULL, 2018, 'Nominated'),
(4, 4, 15, 44, NULL, 2018, 'Nominated'),
(4, 15, 3, 44, NULL, 2018, 'Nominated'),
(1, 6, 37, 45, NULL, 2018, 'Won'),
(4, 12, 6, 46, NULL, 2018, 'Nominated'),
(2, 12, 6, 46, NULL, 2018, 'Nominated'),
(2, 11, 23, 46, NULL, 2018, 'Nominated'),
(3, 4, 36, 46, NULL, 2018, 'Nominated'),
(4, 13, 6, 47, NULL, 2018, 'Nominated'),
(4, 6, 6, 47, NULL, 2018, 'Nominated'),
(7, 2, 5, 48, NULL, 2016, 'Nominated'),
(8, 12, 5, 48, NULL, 2016, 'Nominated'),
(7, 5, 37, 49, NULL, 2016, 'Nominated'),
(6, 5, 10, 49, NULL, 2016, 'Nominated'),
(8, 10, 27, 49, NULL, 2016, 'Won'),
(8, 1, 37, 49, NULL, 2016, 'Nominated'),
(8, 2, 37, 49, NULL, 2016, 'Won'),
(8, 13, 41, 50, NULL, 2016, 'Nominated'),
(2, 4, 16, 51, NULL, 2016, 'Nominated'),
(6, 3, 15, 51, NULL, 2016, 'Nominated'),
(4, 3, 36, 51, NULL, 2016, 'Won'),
(2, 3, 22, 51, NULL, 2016, 'Nominated'),
(1, 9, 36, 51, NULL, 2016, 'Won'),
(8, 10, 10, 53, NULL, 2016, 'Nominated'),
(8, 6, 36, 53, NULL, 2016, 'Nominated'),
(6, 11, 19, 54, NULL, 2013, 'Nominated'),
(4, 11, 19, 54, NULL, 2013, 'Nominated'),
(1, 13, 28, 54, NULL, 2013, 'Nominated'),
(5, 5, 39, 54, NULL, 2013, 'Nominated'),
(2, 14, 19, 54, NULL, 2013, 'Nominated'),
(6, 2, 13, 55, NULL, 2013, 'Won'),
(3, 4, 3, 55, NULL, 2013, 'Nominated'),
(2, 1, 40, 55, NULL, 2013, 'Nominated'),
(3, 13, 3, 55, NULL, 2013, 'Nominated'),
(1, 2, 9, 56, NULL, 2010, 'Won'),
(5, 11, 17, 56, NULL, 2010, 'Won'),
(4, 15, 34, 56, NULL, 2010, 'Nominated'),
(8, 2, 37, 56, NULL, 2010, 'Nominated'),
(2, 3, 16, 57, NULL, 2009, 'Won'),
(3, 12, 38, 57, NULL, 2009, 'Won'),
(3, 2, 16, 57, NULL, 2009, 'Nominated'),
(3, 1, 35, 57, NULL, 2009, 'Nominated'),
(2, 2, 33, 58, NULL, 2009, 'Nominated'),
(2, 3, 40, 58, NULL, 2009, 'Won'),
(1, 8, 40, 58, NULL, 2009, 'Nominated'),
(8, 15, 40, 58, NULL, 2009, 'Won'),
(4, 1, 5, 58, NULL, 2009, 'Nominated'),
(7, 6, 36, 59, NULL, 2008, 'Nominated'),
(3, 8, 23, 59, NULL, 2008, 'Nominated'),
(2, 3, 23, 59, NULL, 2008, 'Won'),
(1, 13, 1, 61, NULL, 2008, 'Nominated'),
(3, 15, 21, 61, NULL, 2008, 'Nominated'),
(6, 3, 38, 62, NULL, 2007, 'Nominated'),
(7, 3, 31, 62, NULL, 2007, 'Nominated'),
(4, 12, 4, 62, NULL, 2007, 'Nominated'),
(6, 12, 22, 62, NULL, 2007, 'Nominated'),
(1, 13, 40, 64, NULL, 2006, 'Nominated'),
(6, 3, 11, 64, NULL, 2006, 'Nominated'),
(2, 4, 18, 64, NULL, 2006, 'Won'),
(5, 4, 18, 64, NULL, 2006, 'Nominated'),
(6, 9, 15, 64, NULL, 2006, 'Nominated'),
(3, 4, 28, 65, NULL, 2005, 'Nominated'),
(2, 15, 38, 65, NULL, 2005, 'Won'),
(8, 15, 28, 65, NULL, 2005, 'Nominated'),
(6, 10, 38, 65, NULL, 2005, 'Nominated'),
(8, 5, 28, 65, NULL, 2005, 'Won'),
(1, 8, 28, 65, NULL, 2005, 'Nominated'),
(1, 7, 37, 66, NULL, 2004, 'Won'),
(5, 9, 32, 66, NULL, 2004, 'Nominated'),
(5, 14, 37, 66, NULL, 2004, 'Nominated'),
(1, 4, 19, 66, NULL, 2004, 'Won'),
(1, 2, 32, 66, NULL, 2004, 'Nominated'),
(7, 8, 45, 66, NULL, 2004, 'Nominated'),
(8, 6, 11, 67, NULL, 2003, 'Nominated'),
(5, 10, 30, 67, NULL, 2003, 'Nominated'),
(6, 6, 23, 67, NULL, 2003, 'Nominated'),
(3, 4, 23, 67, NULL, 2003, 'Nominated'),
(2, 3, 23, 67, NULL, 2003, 'Nominated'),
(1, 13, 26, 71, NULL, 2007, 'Nominated'),
(2, 1, 38, 71, NULL, 2007, 'Won'),
(7, 9, 38, 71, NULL, 2007, 'Won'),
(7, 5, 26, 71, NULL, 2007, 'Nominated'),
(1, 9, 30, 72, NULL, 2014, 'Nominated'),
(6, 8, 30, 72, NULL, 2014, 'Won'),
(1, 14, 30, 72, NULL, 2014, 'Nominated'),
(1, 8, 34, 73, NULL, 2007, 'Won'),
(1, 7, 10, 73, NULL, 2007, 'Won'),
(4, 6, 34, 73, NULL, 2007, 'Nominated'),
(5, 6, 9, 73, NULL, 2007, 'Nominated'),
(5, 4, 1, 74, NULL, 2014, 'Won'),
(4, 1, 34, 74, NULL, 2014, 'Nominated'),
(3, 6, 20, 74, NULL, 2014, 'Nominated'),
(6, 8, 5, 75, NULL, 2018, 'Nominated'),
(5, 8, 30, 75, NULL, 2018, 'Nominated'),
(1, 6, 40, 75, NULL, 2018, 'Nominated'),
(4, 10, 5, 75, NULL, 2018, 'Won'),
(8, 15, 9, 75, NULL, 2018, 'Nominated'),
(7, 14, 36, 76, NULL, 2017, 'Won'),
(2, 9, 36, 76, NULL, 2017, 'Nominated'),
(8, 1, 28, 76, NULL, 2017, 'Won'),
(7, 7, 13, 77, NULL, 2017, 'Won'),
(6, 11, 45, 77, NULL, 2017, 'Won'),
(2, 1, 4, 79, NULL, 2017, 'Nominated'),
(8, 2, 15, 79, NULL, 2017, 'Won'),
(5, 10, 39, 79, NULL, 2017, 'Nominated'),
(2, 14, 10, 79, NULL, 2017, 'Nominated'),
(1, 6, 39, 79, NULL, 2017, 'Nominated'),
(2, 6, 38, 80, NULL, 2016, 'Won'),
(1, 13, 23, 80, NULL, 2016, 'Nominated'),
(8, 15, 6, 80, NULL, 2016, 'Nominated'),
(8, 11, 38, 80, NULL, 2016, 'Nominated'),
(4, 8, 23, 80, NULL, 2016, 'Nominated'),
(7, 7, 43, 82, NULL, 2013, 'Nominated'),
(5, 2, 4, 82, NULL, 2013, 'Nominated'),
(2, 3, 36, 82, NULL, 2013, 'Nominated'),
(1, 8, 4, 82, NULL, 2013, 'Nominated'),
(4, 4, 36, 82, NULL, 2013, 'Nominated'),
(7, 3, 36, 82, NULL, 2013, 'Nominated'),
(5, 10, 19, 83, NULL, 2013, 'Nominated'),
(8, 13, 29, 83, NULL, 2013, 'Won'),
(5, 3, 13, 83, NULL, 2013, 'Nominated'),
(3, 1, 40, 83, NULL, 2013, 'Nominated'),
(8, 14, 45, 84, NULL, 2013, 'Nominated'),
(2, 2, 19, 84, NULL, 2013, 'Won'),
(3, 11, 32, 84, NULL, 2013, 'Nominated'),
(5, 2, 45, 84, NULL, 2013, 'Nominated'),
(2, 4, 6, 85, NULL, 2013, 'Nominated'),
(8, 15, 40, 85, NULL, 2013, 'Nominated'),
(2, 8, 27, 85, NULL, 2013, 'Nominated'),
(5, 15, 44, 85, NULL, 2013, 'Won'),
(2, 9, 22, 85, NULL, 2013, 'Nominated'),
(5, 9, 40, 85, NULL, 2013, 'Won'),
(6, 9, 13, 87, NULL, 2010, 'Nominated'),
(4, 10, 25, 87, NULL, 2010, 'Nominated'),
(6, 8, 33, 87, NULL, 2010, 'Nominated'),
(1, 5, 45, 89, NULL, 2010, 'Won'),
(8, 6, 22, 89, NULL, 2010, 'Nominated'),
(3, 14, 38, 89, NULL, 2010, 'Nominated'),
(2, 5, 45, 89, NULL, 2010, 'Nominated'),
(2, 15, 38, 89, NULL, 2010, 'Nominated'),
(8, 11, 45, 89, NULL, 2010, 'Nominated'),
(7, 9, 1, 90, NULL, 2009, 'Won'),
(7, 10, 2, 91, NULL, 2009, 'Nominated'),
(1, 5, 34, 91, NULL, 2009, 'Nominated'),
(4, 12, 34, 91, NULL, 2009, 'Nominated'),
(2, 13, 1, 91, NULL, 2009, 'Nominated'),
(6, 7, 34, 91, NULL, 2009, 'Nominated'),
(4, 3, 19, 92, NULL, 2009, 'Nominated'),
(4, 6, 19, 92, NULL, 2009, 'Nominated'),
(8, 10, 19, 92, NULL, 2009, 'Won'),
(1, 15, 13, 92, NULL, 2009, 'Nominated'),
(5, 14, 5, 93, NULL, 2008, 'Nominated'),
(4, 12, 6, 93, NULL, 2008, 'Nominated'),
(7, 1, 6, 93, NULL, 2008, 'Nominated'),
(5, 3, 34, 93, NULL, 2008, 'Nominated'),
(3, 9, 6, 93, NULL, 2008, 'Won'),
(3, 15, 1, 94, NULL, 2017, 'Nominated'),
(7, 5, 44, 95, NULL, 2016, 'Nominated'),
(4, 5, 23, 97, NULL, 2018, 'Nominated'),
(4, 10, 34, 97, NULL, 2018, 'Nominated'),
(3, 5, 8, 97, NULL, 2018, 'Nominated'),
(8, 10, 23, 97, NULL, 2018, 'Won'),
(2, 2, 15, 99, NULL, 2020, 'Won'),
(2, 10, 40, 99, NULL, 2020, 'Nominated'),
(3, 14, 40, 99, NULL, 2020, 'Nominated'),
(2, 4, 40, 99, NULL, 2020, 'Nominated'),
(1, 6, 38, 100, NULL, 2018, 'Nominated'),
(1, 15, 22, 100, NULL, 2018, 'Nominated'),
(2, 7, 22, 100, NULL, 2018, 'Nominated'),
(1, 15, 38, 101, NULL, 2018, 'Nominated'),
(5, 13, 15, 101, NULL, 2018, 'Nominated'),
(5, 2, 16, 101, NULL, 2018, 'Won'),
(6, 11, 35, 101, NULL, 2018, 'Nominated'),
(5, 5, 35, 101, NULL, 2018, 'Nominated'),
(7, 14, 35, 102, NULL, 2018, 'Nominated'),
(8, 15, 35, 102, NULL, 2018, 'Nominated'),
(3, 12, 2, 102, NULL, 2018, 'Nominated'),
(1, 9, 2, 103, NULL, 2018, 'Nominated'),
(1, 14, 6, 103, NULL, 2018, 'Nominated'),
(3, 2, 19, 103, NULL, 2018, 'Won'),
(5, 7, 2, 103, NULL, 2018, 'Nominated'),
(4, 14, 24, 105, NULL, 2018, 'Nominated'),
(7, 11, 5, 105, NULL, 2018, 'Nominated'),
(7, 10, 22, 105, NULL, 2018, 'Nominated'),
(4, 12, 22, 105, NULL, 2018, 'Nominated'),
(8, 5, 22, 105, NULL, 2018, 'Nominated'),
(5, 12, 31, 105, NULL, 2018, 'Nominated'),
(5, 6, 28, 106, NULL, 2018, 'Won'),
(3, 12, 42, 106, NULL, 2018, 'Nominated'),
(1, 14, 3, 106, NULL, 2018, 'Nominated'),
(4, 12, 3, 106, NULL, 2018, 'Nominated'),
(2, 2, 22, 110, NULL, 2025, 'Won'),
(1, 4, 11, 110, NULL, 2025, 'Nominated');

-- =========================
-- 11. LEGAL DISPUTES
-- =========================

INSERT INTO LEGAL_DISPUTE (movie_id, contract_id, plaintiff, dispute_type, defendant, status) VALUES
(99, 285, 'Party A - Producer', 'Music Rights', 'Party B - Distributor', 'Judgment'),
(17, 52, 'Party A - Composer', 'Plagiarism', 'Party B - Distributor', 'Pending'),
(1, 26, 'Party A - Composer', 'Copyright Infringement', 'Party B - Production House', 'Settled'),
(38, 193, 'Party A - Composer', 'Music Rights', 'Party B - Studio', 'Judgment'),
(42, 405, 'Party A - Composer', 'Music Rights', 'Party B - Production House', 'Settled'),
(47, 251, 'Party A - Composer', 'Music Rights', 'Party B - Studio', 'Judgment'),
(99, 164, 'Party A - Producer', 'Contract Breach', 'Party B - Studio', 'In Hearing'),
(101, 190, 'Party A - Lyricist', 'Defamation', 'Party B - Distributor', 'In Hearing'),
(90, 149, 'Party A - Actor', 'Copyright Infringement', 'Party B - Distributor', 'Settled'),
(7, 5, 'Party A - Lyricist', 'Payment Dispute', 'Party B - Production House', 'In Hearing'),
(24, 391, 'Party A - Lyricist', 'Music Rights', 'Party B - Distributor', 'Judgment'),
(41, 314, 'Party A - Lyricist', 'Copyright Infringement', 'Party B - Production House', 'In Hearing'),
(13, 48, 'Party A - Composer', 'Defamation', 'Party B - Studio', 'Pending'),
(2, 56, 'Party A - Lyricist', 'Music Rights', 'Party B - Distributor', 'In Hearing'),
(11, 89, 'Party A - Composer', 'Plagiarism', 'Party B - Distributor', 'Settled'),
(92, 210, 'Party A - Producer', 'Defamation', 'Party B - Studio', 'In Hearing'),
(7, 105, 'Party A - Composer', 'Plagiarism', 'Party B - Production House', 'In Hearing'),
(90, 302, 'Party A - Lyricist', 'Payment Dispute', 'Party B - Studio', 'Settled'),
(22, 189, 'Party A - Producer', 'Defamation', 'Party B - Distributor', 'In Hearing'),
(47, 409, 'Party A - Actor', 'Defamation', 'Party B - Production House', 'Settled'),
(84, 240, 'Party A - Producer', 'Defamation', 'Party B - Production House', 'In Hearing'),
(92, 230, 'Party A - Lyricist', 'Defamation', 'Party B - Studio', 'Judgment'),
(98, 106, 'Party A - Composer', 'Contract Breach', 'Party B - Studio', 'In Hearing'),
(109, 285, 'Party A - Lyricist', 'Plagiarism', 'Party B - Studio', 'Pending'),
(92, 7, 'Party A - Actor', 'Payment Dispute', 'Party B - Production House', 'Pending'),
(92, 326, 'Party A - Actor', 'Contract Breach', 'Party B - Distributor', 'In Hearing'),
(30, 170, 'Party A - Composer', 'Contract Breach', 'Party B - Production House', 'Pending'),
(51, 226, 'Party A - Composer', 'Music Rights', 'Party B - Studio', 'Judgment'),
(23, 143, 'Party A - Composer', 'Defamation', 'Party B - Studio', 'Settled'),
(106, 273, 'Party A - Composer', 'Contract Breach', 'Party B - Studio', 'In Hearing'),
(101, 283, 'Party A - Actor', 'Copyright Infringement', 'Party B - Studio', 'Pending'),
(59, 258, 'Party A - Composer', 'Plagiarism', 'Party B - Studio', 'Judgment'),
(66, 398, 'Party A - Actor', 'Contract Breach', 'Party B - Distributor', 'In Hearing'),
(36, 430, 'Party A - Producer', 'Music Rights', 'Party B - Distributor', 'Pending'),
(77, 277, 'Party A - Lyricist', 'Payment Dispute', 'Party B - Studio', 'Settled'),
(27, 426, 'Party A - Producer', 'Plagiarism', 'Party B - Studio', 'In Hearing'),
(102, 53, 'Party A - Actor', 'Contract Breach', 'Party B - Studio', 'Judgment'),
(73, 108, 'Party A - Actor', 'Contract Breach', 'Party B - Studio', 'In Hearing'),
(105, 60, 'Party A - Producer', 'Copyright Infringement', 'Party B - Production House', 'Pending'),
(89, 268, 'Party A - Lyricist', 'Music Rights', 'Party B - Distributor', 'Pending');

-- =========================
-- 12. VIEWERSHIP ANALYTICS
-- =========================

INSERT INTO VIEWERSHIP_ANALYTICS (movie_id, distributor_id, recorded_date, revenue_generator, view_count, region) VALUES
(1, 2, '2023-09-08', 'JioCinema', 48473842, 'South India'),
(1, 2, '2024-01-18', 'SonyLIV', 4641410, 'West India'),
(1, 2, '2023-12-02', 'Mubi', 34747985, 'North India'),
(1, 2, '2023-04-15', 'Disney+ Hotstar', 21630020, 'Rajasthan'),
(1, 2, '2023-07-16', 'SonyLIV', 13824850, 'North India'),
(2, 3, '2024-09-13', 'Mubi', 29862468, 'South India'),
(2, 3, '2023-11-20', 'Netflix', 18530309, 'South India'),
(2, 3, '2024-08-04', 'Disney+ Hotstar', 15585767, 'North India'),
(2, 3, '2024-07-13', 'Netflix', 32003167, 'North India'),
(2, 3, '2024-04-22', 'Amazon Prime', 37675699, 'Rajasthan'),
(3, 4, '2024-11-29', 'JioCinema', 36734465, 'South India'),
(3, 4, '2024-07-31', 'Disney+ Hotstar', 2555871, 'Rajasthan'),
(3, 4, '2024-07-21', 'Amazon Prime', 40409748, 'East India'),
(4, 5, '2024-10-18', 'Netflix', 26010792, 'Maharashtra'),
(4, 5, '2024-08-22', 'Mubi', 5388186, 'Overseas'),
(4, 5, '2024-04-03', 'SonyLIV', 20014407, 'South India'),
(5, 6, '2024-11-24', 'Netflix', 19312687, 'Rajasthan'),
(5, 6, '2024-06-04', 'ZEE5', 34874956, 'South India'),
(5, 6, '2024-07-02', 'Netflix', 9351011, 'Gujarat'),
(6, 7, '2024-10-01', 'Mubi', 693685, 'East India'),
(6, 7, '2024-01-08', 'Netflix', 3840749, 'Rajasthan'),
(6, 7, '2024-09-23', 'Mubi', 14678231, 'East India'),
(7, 8, '2024-08-11', 'Netflix', 839360, 'South India'),
(7, 8, '2025-02-11', 'SonyLIV', 18070279, 'Overseas'),
(7, 8, '2024-06-09', 'Netflix', 32810926, 'North India'),
(7, 8, '2025-04-11', 'Disney+ Hotstar', 39044710, 'North India'),
(8, 9, '2025-04-27', 'Netflix', 29182575, 'North India'),
(8, 9, '2025-08-28', 'Amazon Prime', 9637830, 'North India'),
(8, 9, '2025-02-28', 'Disney+ Hotstar', 32971758, 'South India'),
(9, 10, '2024-09-22', 'ZEE5', 38583406, 'Overseas'),
(9, 10, '2024-04-09', 'Disney+ Hotstar', 40441715, 'Maharashtra'),
(9, 10, '2024-03-31', 'Mubi', 14068377, 'Maharashtra'),
(10, 11, '2023-11-28', 'Amazon Prime', 3547006, 'Gujarat'),
(10, 11, '2024-02-15', 'Amazon Prime', 20415892, 'Gujarat'),
(10, 11, '2024-04-12', 'Netflix', 36063650, 'Rajasthan'),
(10, 11, '2023-11-25', 'Amazon Prime', 37272549, 'Maharashtra'),
(11, 12, '2022-11-05', 'Mubi', 42820324, 'Maharashtra'),
(11, 12, '2023-04-13', 'SonyLIV', 19069037, 'North India'),
(11, 12, '2023-03-28', 'ZEE5', 14323753, 'East India'),
(11, 12, '2023-02-05', 'JioCinema', 3352473, 'Maharashtra'),
(11, 12, '2023-03-09', 'JioCinema', 7218742, 'Rajasthan'),
(12, 1, '2022-08-07', 'SonyLIV', 4122765, 'East India'),
(12, 1, '2022-09-17', 'Netflix', 47384439, 'East India'),
(12, 1, '2022-06-05', 'Amazon Prime', 1209721, 'Rajasthan'),
(12, 1, '2022-11-21', 'Amazon Prime', 48783099, 'Gujarat'),
(12, 1, '2022-07-16', 'Disney+ Hotstar', 29897822, 'North India'),
(13, 2, '2022-04-20', 'SonyLIV', 24247516, 'Gujarat'),
(13, 2, '2023-01-17', 'SonyLIV', 19816992, 'West India'),
(14, 3, '2022-11-11', 'Amazon Prime', 23867964, 'North India'),
(14, 3, '2022-09-16', 'Disney+ Hotstar', 36924078, 'South India'),
(14, 3, '2023-01-13', 'Disney+ Hotstar', 16849798, 'Gujarat'),
(14, 3, '2023-03-26', 'Netflix', 39262686, 'North India'),
(15, 4, '2023-08-31', 'JioCinema', 48625700, 'Overseas'),
(15, 4, '2023-12-10', 'Amazon Prime', 46148662, 'West India'),
(15, 4, '2023-06-07', 'Netflix', 1876483, 'Rajasthan'),
(15, 4, '2023-05-27', 'Amazon Prime', 15127464, 'Gujarat'),
(15, 4, '2023-11-04', 'Amazon Prime', 26750504, 'Maharashtra'),
(16, 5, '2022-11-15', 'Mubi', 15185777, 'West India'),
(16, 5, '2023-08-10', 'Mubi', 28803488, 'North India'),
(16, 5, '2023-02-19', 'Amazon Prime', 17497122, 'North India'),
(17, 6, '2023-06-25', 'SonyLIV', 19397177, 'Gujarat'),
(17, 6, '2023-02-16', 'Mubi', 38456347, 'East India'),
(18, 7, '2021-11-22', 'Mubi', 15998467, 'West India'),
(18, 7, '2022-09-01', 'ZEE5', 24237956, 'East India'),
(19, 8, '2021-11-26', 'Netflix', 8186276, 'Gujarat'),
(19, 8, '2022-05-21', 'Amazon Prime', 47504661, 'South India'),
(19, 8, '2022-05-10', 'JioCinema', 38943361, 'North India'),
(19, 8, '2022-06-13', 'Disney+ Hotstar', 36438846, 'Gujarat'),
(19, 8, '2022-02-15', 'Amazon Prime', 32071041, 'South India'),
(20, 9, '2022-03-03', 'ZEE5', 5007617, 'Rajasthan'),
(20, 9, '2022-08-06', 'Mubi', 21370302, 'North India'),
(20, 9, '2022-04-01', 'Amazon Prime', 4122156, 'West India'),
(21, 10, '2022-03-31', 'Disney+ Hotstar', 4470132, 'South India'),
(21, 10, '2022-01-29', 'Disney+ Hotstar', 28783713, 'West India'),
(21, 10, '2022-03-30', 'Amazon Prime', 43049963, 'North India'),
(22, 11, '2022-03-30', 'SonyLIV', 9035718, 'South India'),
(22, 11, '2022-02-21', 'Netflix', 23012684, 'Rajasthan'),
(22, 11, '2022-12-01', 'Amazon Prime', 40421102, 'Overseas'),
(22, 11, '2023-01-09', 'SonyLIV', 5267256, 'North India'),
(23, 12, '2020-05-30', 'Mubi', 25875210, 'North India'),
(23, 12, '2020-03-21', 'Amazon Prime', 18194637, 'Maharashtra'),
(23, 12, '2020-09-09', 'JioCinema', 28672271, 'North India'),
(23, 12, '2020-08-28', 'JioCinema', 3223235, 'West India'),
(24, 1, '2020-11-11', 'ZEE5', 20847185, 'Maharashtra'),
(24, 1, '2021-03-02', 'Disney+ Hotstar', 46460029, 'West India'),
(25, 2, '2020-03-05', 'Amazon Prime', 13235433, 'East India'),
(25, 2, '2020-03-18', 'Mubi', 15025186, 'Rajasthan'),
(25, 2, '2020-09-21', 'Netflix', 10653945, 'North India'),
(25, 2, '2020-09-06', 'JioCinema', 42293700, 'East India'),
(25, 2, '2020-02-27', 'Amazon Prime', 15304426, 'Gujarat'),
(26, 3, '2019-11-18', 'Netflix', 45242180, 'Gujarat'),
(26, 3, '2020-11-03', 'SonyLIV', 5780499, 'Gujarat'),
(26, 3, '2020-06-20', 'Mubi', 31833429, 'Rajasthan'),
(26, 3, '2020-03-02', 'SonyLIV', 48288647, 'Maharashtra'),
(27, 4, '2019-08-22', 'JioCinema', 18676738, 'Rajasthan'),
(27, 4, '2019-07-25', 'Amazon Prime', 19314453, 'South India'),
(27, 4, '2020-01-02', 'ZEE5', 21058766, 'South India'),
(27, 4, '2019-07-27', 'JioCinema', 26087727, 'Maharashtra'),
(27, 4, '2020-02-03', 'Amazon Prime', 9674376, 'Gujarat'),
(28, 5, '2019-09-21', 'Disney+ Hotstar', 45308444, 'West India'),
(28, 5, '2019-08-13', 'SonyLIV', 14827136, 'North India'),
(29, 6, '2019-04-23', 'ZEE5', 2512438, 'South India'),
(29, 6, '2019-08-14', 'SonyLIV', 25220243, 'Overseas'),
(30, 7, '2019-04-09', 'ZEE5', 29554485, 'Overseas'),
(30, 7, '2019-09-06', 'SonyLIV', 13518821, 'East India'),
(30, 7, '2019-06-20', 'JioCinema', 30343954, 'Overseas'),
(31, 8, '2020-03-14', 'Disney+ Hotstar', 7980968, 'North India'),
(31, 8, '2019-10-07', 'Netflix', 36538124, 'North India'),
(32, 9, '2020-10-28', 'Mubi', 32970283, 'East India'),
(32, 9, '2020-03-14', 'Netflix', 29049629, 'Maharashtra'),
(32, 9, '2020-03-04', 'SonyLIV', 42613934, 'South India'),
(33, 10, '2019-11-30', 'SonyLIV', 24059534, 'East India'),
(33, 10, '2019-12-08', 'SonyLIV', 49238104, 'Overseas'),
(33, 10, '2019-09-10', 'Amazon Prime', 46327671, 'West India'),
(33, 10, '2019-05-20', 'Amazon Prime', 41835610, 'East India'),
(34, 11, '2018-04-11', 'JioCinema', 15709363, 'Rajasthan'),
(34, 11, '2018-11-09', 'Netflix', 31310666, 'East India'),
(34, 11, '2019-01-20', 'Netflix', 26077401, 'South India'),
(35, 12, '2019-03-10', 'Netflix', 47884695, 'Overseas'),
(35, 12, '2018-09-28', 'Amazon Prime', 32610005, 'Gujarat'),
(35, 12, '2018-12-04', 'SonyLIV', 11330418, 'North India'),
(36, 1, '2019-04-25', 'SonyLIV', 12488207, 'Gujarat'),
(36, 1, '2019-10-01', 'Netflix', 44529435, 'Rajasthan'),
(36, 1, '2018-11-07', 'Disney+ Hotstar', 4219298, 'Rajasthan'),
(37, 2, '2018-12-24', 'Mubi', 15875659, 'Maharashtra'),
(37, 2, '2019-11-21', 'JioCinema', 12211488, 'North India'),
(37, 2, '2019-04-30', 'JioCinema', 25019902, 'South India'),
(37, 2, '2019-11-21', 'Mubi', 5380255, 'East India'),
(38, 3, '2015-10-01', 'Mubi', 38498812, 'Gujarat'),
(38, 3, '2016-04-16', 'ZEE5', 14694864, 'Gujarat'),
(39, 4, '2015-12-17', 'Amazon Prime', 17520213, 'Rajasthan'),
(39, 4, '2016-01-19', 'SonyLIV', 9623802, 'South India'),
(40, 5, '2017-02-28', 'ZEE5', 31555124, 'Overseas'),
(40, 5, '2017-09-03', 'JioCinema', 33420219, 'West India'),
(40, 5, '2017-10-27', 'JioCinema', 2400413, 'Gujarat'),
(40, 5, '2018-01-11', 'Mubi', 16420331, 'West India'),
(40, 5, '2017-10-11', 'ZEE5', 8236855, 'South India'),
(41, 6, '2017-01-30', 'Amazon Prime', 8867751, 'North India'),
(41, 6, '2016-08-05', 'Disney+ Hotstar', 18772900, 'Overseas'),
(41, 6, '2017-02-26', 'JioCinema', 38165682, 'Rajasthan'),
(42, 7, '2018-07-17', 'JioCinema', 40301318, 'Maharashtra'),
(42, 7, '2018-05-13', 'Disney+ Hotstar', 2766583, 'Gujarat'),
(42, 7, '2018-09-15', 'ZEE5', 3025645, 'Rajasthan'),
(42, 7, '2018-02-15', 'SonyLIV', 7875932, 'Gujarat'),
(42, 7, '2018-09-14', 'SonyLIV', 31769485, 'North India'),
(43, 8, '2017-10-10', 'Disney+ Hotstar', 29126390, 'West India'),
(43, 8, '2017-04-10', 'Disney+ Hotstar', 26905386, 'Maharashtra'),
(43, 8, '2017-10-01', 'Disney+ Hotstar', 15358348, 'Maharashtra'),
(44, 9, '2017-07-12', 'Mubi', 47857866, 'Maharashtra'),
(44, 9, '2017-04-30', 'ZEE5', 1652675, 'East India'),
(44, 9, '2017-12-13', 'ZEE5', 15165050, 'Maharashtra'),
(45, 10, '2018-04-14', 'Amazon Prime', 46890475, 'South India'),
(45, 10, '2017-09-25', 'SonyLIV', 19764633, 'Rajasthan'),
(46, 11, '2018-11-23', 'Disney+ Hotstar', 3379690, 'Maharashtra'),
(46, 11, '2018-03-02', 'Mubi', 4164659, 'North India'),
(47, 12, '2018-07-18', 'ZEE5', 24406797, 'Rajasthan'),
(47, 12, '2018-11-15', 'Mubi', 29373193, 'South India'),
(47, 12, '2018-03-13', 'Amazon Prime', 20521569, 'Maharashtra'),
(47, 12, '2018-01-27', 'Disney+ Hotstar', 14237423, 'East India'),
(47, 12, '2017-11-28', 'Disney+ Hotstar', 13579705, 'Overseas'),
(48, 1, '2016-10-19', 'ZEE5', 48429527, 'Rajasthan'),
(48, 1, '2016-11-10', 'Mubi', 37555428, 'Gujarat'),
(48, 1, '2016-02-05', 'Netflix', 44377023, 'Overseas'),
(48, 1, '2016-10-29', 'Netflix', 21876653, 'East India'),
(48, 1, '2016-04-07', 'Disney+ Hotstar', 26729059, 'East India'),
(49, 2, '2016-03-12', 'Amazon Prime', 35417678, 'West India'),
(49, 2, '2017-01-05', 'Amazon Prime', 1168459, 'North India'),
(49, 2, '2016-09-17', 'Mubi', 29207580, 'Overseas'),
(50, 3, '2015-10-01', 'Amazon Prime', 4302759, 'Maharashtra'),
(50, 3, '2016-07-05', 'ZEE5', 39538649, 'Maharashtra'),
(50, 3, '2015-07-13', 'ZEE5', 9026570, 'Maharashtra'),
(51, 4, '2016-06-24', 'SonyLIV', 11466030, 'East India'),
(51, 4, '2016-05-11', 'ZEE5', 44829018, 'Overseas'),
(51, 4, '2015-11-03', 'JioCinema', 17978510, 'South India'),
(52, 5, '2016-06-05', 'ZEE5', 43437510, 'West India'),
(52, 5, '2016-05-13', 'Mubi', 34442941, 'South India'),
(52, 5, '2015-11-22', 'Mubi', 26954510, 'Maharashtra'),
(52, 5, '2015-08-31', 'Amazon Prime', 42590750, 'Overseas'),
(53, 6, '2016-06-18', 'JioCinema', 36129159, 'North India'),
(53, 6, '2016-06-26', 'JioCinema', 5461620, 'North India'),
(54, 7, '2013-01-13', 'Netflix', 24157336, 'Maharashtra'),
(54, 7, '2013-08-30', 'Amazon Prime', 12087250, 'East India'),
(54, 7, '2013-05-29', 'Netflix', 11475639, 'Gujarat'),
(55, 8, '2012-09-14', 'SonyLIV', 40168224, 'Rajasthan'),
(55, 8, '2013-05-27', 'Disney+ Hotstar', 19954643, 'Maharashtra'),
(55, 8, '2013-03-26', 'JioCinema', 18683960, 'North India'),
(55, 8, '2012-12-16', 'Mubi', 41575821, 'Gujarat'),
(56, 9, '2010-09-23', 'ZEE5', 11234621, 'Gujarat'),
(56, 9, '2010-03-07', 'Disney+ Hotstar', 11238624, 'East India'),
(56, 9, '2010-03-01', 'Netflix', 9480590, 'Gujarat'),
(57, 10, '2009-09-04', 'Amazon Prime', 3321358, 'Gujarat'),
(57, 10, '2009-12-30', 'SonyLIV', 45353891, 'East India'),
(57, 10, '2010-01-01', 'JioCinema', 29455089, 'South India'),
(58, 11, '2009-05-30', 'SonyLIV', 14241393, 'South India'),
(58, 11, '2009-02-19', 'Netflix', 11038368, 'South India'),
(58, 11, '2009-08-12', 'ZEE5', 20369090, 'South India'),
(59, 12, '2008-06-26', 'Netflix', 1066137, 'South India'),
(59, 12, '2008-09-30', 'Netflix', 45712539, 'North India'),
(59, 12, '2008-08-05', 'JioCinema', 35693056, 'West India'),
(59, 12, '2008-05-10', 'SonyLIV', 27296286, 'Maharashtra'),
(60, 1, '2008-03-16', 'ZEE5', 8002305, 'East India'),
(60, 1, '2008-02-04', 'SonyLIV', 21011037, 'South India'),
(60, 1, '2008-07-04', 'ZEE5', 33087899, 'South India'),
(61, 2, '2008-04-17', 'Amazon Prime', 44234020, 'West India'),
(61, 2, '2007-11-30', 'SonyLIV', 1905042, 'East India'),
(62, 3, '2007-04-06', 'Mubi', 13153514, 'South India'),
(62, 3, '2007-09-30', 'ZEE5', 16266778, 'North India'),
(62, 3, '2007-07-11', 'Mubi', 38386660, 'North India'),
(62, 3, '2007-03-03', 'Amazon Prime', 15743001, 'West India'),
(62, 3, '2007-08-23', 'SonyLIV', 27847468, 'South India'),
(63, 4, '2006-04-04', 'Netflix', 31026198, 'West India'),
(63, 4, '2007-02-04', 'ZEE5', 45048475, 'East India'),
(63, 4, '2007-02-18', 'JioCinema', 13038282, 'South India'),
(63, 4, '2006-09-02', 'JioCinema', 32865161, 'Rajasthan'),
(63, 4, '2006-05-01', 'ZEE5', 43100979, 'South India'),
(64, 5, '2005-10-06', 'Netflix', 27997961, 'Overseas'),
(64, 5, '2006-03-07', 'Disney+ Hotstar', 46991618, 'Gujarat'),
(64, 5, '2005-06-01', 'JioCinema', 26725421, 'Gujarat'),
(64, 5, '2005-05-28', 'Amazon Prime', 6821708, 'Gujarat'),
(64, 5, '2005-08-05', 'ZEE5', 15499884, 'Maharashtra'),
(65, 6, '2005-05-16', 'Disney+ Hotstar', 30366921, 'Overseas'),
(65, 6, '2005-05-18', 'ZEE5', 39026816, 'Rajasthan'),
(66, 7, '2004-11-03', 'ZEE5', 46508758, 'Maharashtra'),
(66, 7, '2004-04-11', 'JioCinema', 28078621, 'West India'),
(66, 7, '2004-05-11', 'ZEE5', 39525480, 'South India'),
(66, 7, '2004-06-12', 'Mubi', 1162788, 'East India'),
(67, 8, '2003-06-15', 'JioCinema', 11507625, 'East India'),
(67, 8, '2002-12-02', 'Amazon Prime', 37031663, 'Maharashtra'),
(68, 9, '2001-11-13', 'Mubi', 45176074, 'North India'),
(68, 9, '2002-02-28', 'ZEE5', 7612620, 'Gujarat'),
(68, 9, '2002-02-06', 'Netflix', 3670444, 'West India'),
(69, 10, '2002-05-26', 'Amazon Prime', 43788526, 'North India'),
(69, 10, '2003-01-17', 'SonyLIV', 36830209, 'Maharashtra'),
(69, 10, '2002-04-27', 'ZEE5', 8439995, 'Overseas'),
(69, 10, '2002-03-21', 'Netflix', 46666344, 'North India'),
(70, 11, '2005-01-02', 'SonyLIV', 18905192, 'Gujarat'),
(70, 11, '2005-04-02', 'Mubi', 10013579, 'East India'),
(70, 11, '2004-11-29', 'Mubi', 29052822, 'East India'),
(70, 11, '2005-02-16', 'SonyLIV', 43954082, 'Maharashtra'),
(70, 11, '2004-09-19', 'SonyLIV', 19865853, 'Gujarat'),
(71, 12, '2007-04-14', 'Netflix', 21474192, 'Overseas'),
(71, 12, '2007-02-08', 'Mubi', 47577994, 'North India'),
(71, 12, '2007-05-11', 'Amazon Prime', 32195612, 'East India'),
(72, 1, '2014-04-16', 'Disney+ Hotstar', 37791392, 'Gujarat'),
(72, 1, '2014-07-26', 'Mubi', 48335376, 'Gujarat'),
(72, 1, '2014-06-25', 'Netflix', 4966773, 'Gujarat'),
(72, 1, '2014-07-20', 'JioCinema', 30580666, 'Maharashtra'),
(73, 2, '2007-05-16', 'SonyLIV', 35995515, 'Maharashtra'),
(73, 2, '2007-01-09', 'JioCinema', 38824266, 'West India'),
(73, 2, '2006-08-27', 'ZEE5', 34762102, 'North India'),
(73, 2, '2006-10-20', 'ZEE5', 43738895, 'East India'),
(73, 2, '2006-12-31', 'JioCinema', 12182867, 'Overseas'),
(74, 3, '2014-08-05', 'JioCinema', 8702524, 'Maharashtra'),
(74, 3, '2014-06-14', 'ZEE5', 34851957, 'South India'),
(74, 3, '2014-01-03', 'JioCinema', 49839823, 'Overseas'),
(75, 4, '2017-11-18', 'Amazon Prime', 27078719, 'Maharashtra'),
(75, 4, '2017-11-18', 'ZEE5', 39929271, 'North India'),
(75, 4, '2018-05-23', 'Netflix', 39251305, 'West India'),
(76, 5, '2017-07-20', 'ZEE5', 45031504, 'Maharashtra'),
(76, 5, '2017-05-07', 'ZEE5', 45462398, 'Overseas'),
(76, 5, '2017-08-29', 'SonyLIV', 43121473, 'Gujarat'),
(76, 5, '2017-10-04', 'Netflix', 10127385, 'Overseas'),
(76, 5, '2017-06-23', 'ZEE5', 20581638, 'West India'),
(77, 6, '2016-05-12', 'Disney+ Hotstar', 18128970, 'South India'),
(77, 6, '2016-09-30', 'Netflix', 7533757, 'East India'),
(77, 6, '2016-12-12', 'Amazon Prime', 39297127, 'Overseas'),
(77, 6, '2016-07-31', 'SonyLIV', 41919264, 'East India'),
(78, 7, '2017-03-25', 'ZEE5', 28884261, 'West India'),
(78, 7, '2016-10-26', 'SonyLIV', 31684109, 'North India'),
(78, 7, '2017-06-15', 'Amazon Prime', 39132779, 'South India'),
(78, 7, '2016-11-15', 'Mubi', 43873687, 'Gujarat'),
(78, 7, '2017-02-01', 'Mubi', 7282312, 'South India'),
(79, 8, '2016-08-06', 'Disney+ Hotstar', 5176064, 'Overseas'),
(79, 8, '2016-05-17', 'ZEE5', 48860290, 'Rajasthan'),
(79, 8, '2016-09-13', 'ZEE5', 22905193, 'Gujarat'),
(79, 8, '2016-07-21', 'Netflix', 17029601, 'Gujarat'),
(79, 8, '2017-03-20', 'Netflix', 8263835, 'Rajasthan'),
(80, 9, '2016-09-14', 'JioCinema', 32144298, 'East India'),
(80, 9, '2016-02-26', 'Disney+ Hotstar', 814471, 'West India'),
(80, 9, '2016-03-31', 'JioCinema', 46332512, 'South India'),
(81, 10, '2013-12-07', 'Mubi', 27987437, 'Maharashtra'),
(81, 10, '2013-09-16', 'Amazon Prime', 33411190, 'North India'),
(81, 10, '2013-06-10', 'Disney+ Hotstar', 43030914, 'Maharashtra'),
(81, 10, '2013-12-02', 'JioCinema', 39110713, 'North India'),
(82, 11, '2012-09-18', 'ZEE5', 12118773, 'Maharashtra'),
(82, 11, '2012-06-10', 'Amazon Prime', 47940052, 'Gujarat'),
(82, 11, '2012-06-01', 'Netflix', 13689978, 'Rajasthan'),
(83, 12, '2013-01-27', 'Disney+ Hotstar', 14129479, 'West India'),
(83, 12, '2013-03-08', 'SonyLIV', 44248239, 'Gujarat'),
(84, 1, '2013-01-16', 'Netflix', 17348948, 'West India'),
(84, 1, '2013-01-16', 'Mubi', 43242681, 'Rajasthan'),
(85, 2, '2013-03-01', 'Netflix', 18080245, 'East India'),
(85, 2, '2013-02-12', 'Amazon Prime', 31492570, 'North India'),
(86, 3, '2013-09-21', 'ZEE5', 7191074, 'West India'),
(86, 3, '2013-05-03', 'JioCinema', 42200384, 'Maharashtra'),
(86, 3, '2013-10-03', 'SonyLIV', 39918519, 'Overseas'),
(86, 3, '2013-03-17', 'Amazon Prime', 12803218, 'Gujarat'),
(87, 4, '2009-10-09', 'SonyLIV', 47066653, 'West India'),
(87, 4, '2009-11-28', 'JioCinema', 21000332, 'Rajasthan'),
(87, 4, '2010-03-03', 'SonyLIV', 47104325, 'East India'),
(87, 4, '2010-07-08', 'SonyLIV', 28290087, 'East India'),
(88, 5, '2009-12-21', 'JioCinema', 31695309, 'Gujarat'),
(88, 5, '2009-04-24', 'Amazon Prime', 31463685, 'Overseas'),
(88, 5, '2009-09-23', 'Mubi', 36774747, 'Rajasthan'),
(88, 5, '2009-07-29', 'Netflix', 12957946, 'North India'),
(89, 6, '2009-07-31', 'ZEE5', 7946355, 'East India'),
(89, 6, '2009-05-28', 'Netflix', 27817489, 'East India'),
(89, 6, '2009-08-07', 'Netflix', 10178755, 'Rajasthan'),
(89, 6, '2009-11-19', 'SonyLIV', 49661831, 'North India'),
(89, 6, '2009-05-09', 'Netflix', 41907784, 'West India'),
(90, 7, '2009-11-25', 'Netflix', 27945867, 'Overseas'),
(90, 7, '2009-02-06', 'Mubi', 23648961, 'Gujarat'),
(90, 7, '2009-03-11', 'Netflix', 45289451, 'Gujarat'),
(90, 7, '2009-09-24', 'Mubi', 27652475, 'Maharashtra'),
(90, 7, '2009-08-27', 'JioCinema', 45762547, 'East India'),
(91, 8, '2008-05-11', 'Netflix', 17868975, 'West India'),
(91, 8, '2008-12-11', 'ZEE5', 20067328, 'East India'),
(91, 8, '2008-07-31', 'SonyLIV', 41297454, 'East India'),
(91, 8, '2008-08-03', 'Netflix', 30635058, 'East India'),
(91, 8, '2009-03-02', 'SonyLIV', 10434407, 'North India'),
(92, 9, '2008-12-13', 'Netflix', 22568983, 'West India'),
(92, 9, '2008-12-12', 'SonyLIV', 20075038, 'Rajasthan'),
(92, 9, '2008-05-09', 'Netflix', 17419659, 'Rajasthan'),
(92, 9, '2009-01-14', 'Amazon Prime', 42629307, 'West India'),
(93, 10, '2007-11-18', 'Netflix', 26551968, 'Gujarat'),
(93, 10, '2007-12-09', 'JioCinema', 17814974, 'West India'),
(94, 11, '2016-08-21', 'JioCinema', 17212870, 'South India'),
(94, 11, '2016-12-08', 'SonyLIV', 6705349, 'Gujarat'),
(94, 11, '2016-11-02', 'SonyLIV', 13191129, 'Maharashtra'),
(95, 12, '2016-06-22', 'JioCinema', 2511341, 'Gujarat'),
(95, 12, '2016-07-24', 'JioCinema', 29487166, 'East India'),
(95, 12, '2016-05-18', 'Mubi', 47901672, 'South India'),
(95, 12, '2016-05-12', 'Netflix', 19893519, 'East India'),
(95, 12, '2016-07-21', 'SonyLIV', 18087887, 'Gujarat'),
(96, 1, '2004-08-31', 'Amazon Prime', 11221944, 'Gujarat'),
(96, 1, '2004-09-04', 'ZEE5', 9860963, 'Gujarat'),
(96, 1, '2004-06-12', 'Disney+ Hotstar', 22469024, 'North India'),
(96, 1, '2004-07-12', 'Disney+ Hotstar', 4216582, 'Rajasthan'),
(97, 2, '2018-01-27', 'Netflix', 2488081, 'East India'),
(97, 2, '2017-03-17', 'Netflix', 24044976, 'East India'),
(98, 3, '2017-02-14', 'Mubi', 29707535, 'Gujarat'),
(98, 3, '2016-11-04', 'JioCinema', 30014881, 'West India'),
(98, 3, '2016-11-26', 'Netflix', 16377811, 'Gujarat'),
(98, 3, '2017-02-20', 'ZEE5', 23969468, 'Rajasthan'),
(98, 3, '2017-05-29', 'Amazon Prime', 46093020, 'Overseas'),
(99, 4, '2020-06-24', 'SonyLIV', 24060740, 'Rajasthan'),
(99, 4, '2020-07-15', 'JioCinema', 37126515, 'Maharashtra'),
(99, 4, '2020-04-28', 'SonyLIV', 4532539, 'West India'),
(99, 4, '2019-11-26', 'JioCinema', 38458471, 'Maharashtra'),
(99, 4, '2019-10-27', 'SonyLIV', 21118430, 'Rajasthan'),
(100, 5, '2018-04-02', 'ZEE5', 17463632, 'Gujarat'),
(100, 5, '2017-12-19', 'Mubi', 43638791, 'South India'),
(100, 5, '2018-03-01', 'JioCinema', 10348341, 'West India'),
(100, 5, '2018-04-12', 'Mubi', 34234968, 'East India'),
(100, 5, '2017-12-12', 'Disney+ Hotstar', 27689264, 'North India'),
(101, 6, '2018-04-06', 'Amazon Prime', 21370996, 'Maharashtra'),
(101, 6, '2018-03-03', 'ZEE5', 21367860, 'Rajasthan'),
(101, 6, '2018-02-06', 'Amazon Prime', 4422792, 'East India'),
(101, 6, '2017-12-08', 'Mubi', 6503924, 'Maharashtra'),
(102, 7, '2017-11-21', 'JioCinema', 46795643, 'South India'),
(102, 7, '2018-11-02', 'Amazon Prime', 26535135, 'Gujarat'),
(103, 8, '2018-01-28', 'JioCinema', 43190132, 'Gujarat'),
(103, 8, '2018-03-15', 'ZEE5', 23162471, 'East India'),
(103, 8, '2018-02-12', 'JioCinema', 732405, 'East India'),
(103, 8, '2017-09-05', 'JioCinema', 7599018, 'North India'),
(104, 9, '2017-12-21', 'JioCinema', 17365411, 'Overseas'),
(104, 9, '2017-09-03', 'ZEE5', 28633735, 'South India'),
(104, 9, '2017-11-04', 'Mubi', 31740658, 'North India'),
(104, 9, '2018-08-04', 'Amazon Prime', 12997210, 'South India'),
(104, 9, '2018-08-11', 'Mubi', 24149940, 'Overseas'),
(105, 10, '2018-01-02', 'SonyLIV', 42090298, 'South India'),
(105, 10, '2017-10-24', 'SonyLIV', 4185532, 'South India'),
(105, 10, '2018-01-10', 'Amazon Prime', 15101923, 'Gujarat'),
(105, 10, '2018-03-20', 'SonyLIV', 47665201, 'South India'),
(105, 10, '2017-10-29', 'Netflix', 2082768, 'Maharashtra'),
(106, 11, '2018-10-01', 'Netflix', 10389169, 'Gujarat'),
(106, 11, '2018-07-09', 'JioCinema', 20015368, 'West India'),
(109, 2, '2025-03-24', 'Netflix', 22367533, 'South India'),
(109, 2, '2025-06-25', 'Mubi', 39772630, 'Rajasthan'),
(110, 3, '2025-05-18', 'ZEE5', 9681548, 'South India'),
(110, 3, '2025-12-12', 'ZEE5', 33903473, 'South India');

-- =========================
-- 13. REVIEWS
-- =========================

INSERT INTO REVIEW (movie_id, published_on, rating, sentiment) VALUES
(1, '2023-05-03', 2.4, 'Negative'),
(1, '2023-05-16', 2.4, 'Negative'),
(1, '2023-04-29', 8.6, 'Positive'),
(1, '2023-05-23', 4.8, 'Negative'),
(1, '2023-04-26', 2.3, 'Negative'),
(1, '2023-05-22', 5.0, 'Neutral'),
(1, '2023-05-23', 1.6, 'Negative'),
(2, '2023-11-13', 4.5, 'Negative'),
(2, '2024-02-18', 5.3, 'Neutral'),
(2, '2023-11-01', 5.3, 'Neutral'),
(3, '2024-02-17', 3.9, 'Negative'),
(3, '2024-02-06', 1.1, 'Negative'),
(3, '2024-01-08', 3.7, 'Negative'),
(4, '2024-05-29', 8.6, 'Positive'),
(4, '2024-03-08', 7.0, 'Positive'),
(4, '2024-02-24', 2.5, 'Negative'),
(4, '2024-03-10', 7.9, 'Positive'),
(4, '2024-01-07', 5.8, 'Neutral'),
(5, '2024-01-02', 6.0, 'Neutral'),
(5, '2024-02-24', 4.7, 'Negative'),
(5, '2024-06-13', 1.1, 'Negative'),
(5, '2024-06-19', 2.3, 'Negative'),
(5, '2024-05-10', 9.5, 'Positive'),
(5, '2024-06-16', 5.3, 'Neutral'),
(6, '2024-01-06', 6.4, 'Neutral'),
(6, '2024-03-20', 4.9, 'Negative'),
(6, '2024-02-24', 6.5, 'Neutral'),
(6, '2024-01-18', 7.2, 'Positive'),
(7, '2024-09-08', 9.9, 'Positive'),
(7, '2024-04-24', 3.1, 'Negative'),
(7, '2024-07-13', 4.0, 'Negative'),
(7, '2024-04-16', 3.3, 'Negative'),
(7, '2024-09-11', 5.7, 'Neutral'),
(7, '2024-05-01', 5.3, 'Neutral'),
(7, '2024-08-03', 6.4, 'Neutral'),
(8, '2024-11-03', 8.0, 'Positive'),
(8, '2024-11-28', 7.1, 'Positive'),
(8, '2024-12-14', 1.5, 'Negative'),
(8, '2024-12-11', 6.4, 'Neutral'),
(8, '2024-11-11', 7.4, 'Positive'),
(8, '2024-09-03', 2.4, 'Negative'),
(9, '2024-03-26', 8.8, 'Positive'),
(9, '2024-03-11', 3.3, 'Negative'),
(9, '2024-05-07', 2.9, 'Negative'),
(9, '2024-05-20', 8.5, 'Positive'),
(9, '2024-02-09', 2.9, 'Negative'),
(9, '2024-07-07', 2.6, 'Negative'),
(9, '2024-02-13', 5.3, 'Neutral'),
(10, '2023-11-30', 6.9, 'Neutral'),
(10, '2023-11-30', 6.5, 'Neutral'),
(10, '2023-10-11', 4.8, 'Negative'),
(10, '2023-10-31', 6.6, 'Neutral'),
(10, '2023-11-08', 3.6, 'Negative'),
(10, '2023-08-05', 6.0, 'Neutral'),
(11, '2023-02-04', 9.5, 'Positive'),
(11, '2022-10-26', 2.9, 'Negative'),
(11, '2023-02-01', 9.1, 'Positive'),
(11, '2022-11-16', 1.1, 'Negative'),
(11, '2023-01-13', 7.1, 'Positive'),
(12, '2022-03-29', 4.8, 'Negative'),
(12, '2022-03-15', 5.2, 'Neutral'),
(12, '2022-06-21', 8.3, 'Positive'),
(13, '2022-03-07', 9.0, 'Positive'),
(13, '2022-03-05', 7.2, 'Positive'),
(13, '2022-04-19', 6.2, 'Neutral'),
(13, '2022-04-12', 4.7, 'Negative'),
(14, '2022-07-16', 4.4, 'Negative'),
(14, '2022-06-29', 8.8, 'Positive'),
(14, '2022-09-10', 3.5, 'Negative'),
(14, '2022-10-09', 9.8, 'Positive'),
(14, '2022-08-29', 5.9, 'Neutral'),
(15, '2023-02-15', 1.5, 'Negative'),
(15, '2023-04-07', 7.6, 'Positive'),
(15, '2023-04-21', 2.0, 'Negative'),
(15, '2022-12-20', 7.6, 'Positive'),
(15, '2023-03-24', 7.3, 'Positive'),
(16, '2022-11-09', 8.8, 'Positive'),
(16, '2023-01-07', 2.1, 'Negative'),
(16, '2022-12-15', 4.1, 'Negative'),
(16, '2022-10-15', 8.4, 'Positive'),
(17, '2022-12-04', 7.5, 'Positive'),
(17, '2022-09-23', 6.8, 'Neutral'),
(17, '2022-12-30', 8.8, 'Positive'),
(17, '2022-10-02', 3.7, 'Negative'),
(18, '2022-01-19', 3.4, 'Negative'),
(18, '2021-12-05', 4.4, 'Negative'),
(18, '2021-12-29', 1.0, 'Negative'),
(18, '2021-08-12', 3.7, 'Negative'),
(18, '2021-11-13', 7.7, 'Positive'),
(18, '2021-08-17', 8.6, 'Positive'),
(18, '2022-01-29', 1.4, 'Negative'),
(19, '2021-12-26', 6.1, 'Neutral'),
(19, '2021-10-30', 2.5, 'Negative'),
(19, '2021-09-25', 8.9, 'Positive'),
(19, '2021-10-01', 1.3, 'Negative'),
(19, '2021-08-04', 6.2, 'Neutral'),
(19, '2021-09-05', 3.0, 'Negative'),
(19, '2021-09-28', 9.6, 'Positive'),
(19, '2021-09-27', 2.6, 'Negative'),
(20, '2022-04-20', 1.4, 'Negative'),
(20, '2021-11-20', 4.1, 'Negative'),
(20, '2022-01-30', 6.6, 'Neutral'),
(20, '2022-04-28', 4.0, 'Negative'),
(20, '2022-04-02', 3.0, 'Negative'),
(21, '2022-03-06', 8.3, 'Positive'),
(21, '2022-06-01', 8.1, 'Positive'),
(21, '2022-02-11', 7.8, 'Positive'),
(21, '2022-04-03', 3.7, 'Negative'),
(21, '2021-12-25', 6.3, 'Neutral'),
(21, '2022-05-17', 1.2, 'Negative'),
(21, '2022-06-07', 7.7, 'Positive'),
(22, '2022-03-03', 2.1, 'Negative'),
(22, '2022-04-16', 2.5, 'Negative'),
(22, '2022-04-03', 7.8, 'Positive'),
(22, '2022-05-29', 9.2, 'Positive'),
(23, '2020-01-24', 2.2, 'Negative'),
(23, '2020-04-21', 2.3, 'Negative'),
(23, '2020-03-29', 1.7, 'Negative'),
(23, '2020-02-19', 4.3, 'Negative'),
(23, '2020-02-25', 9.2, 'Positive'),
(23, '2020-03-18', 8.0, 'Positive'),
(23, '2020-03-02', 1.8, 'Negative'),
(24, '2020-03-31', 6.6, 'Neutral'),
(24, '2020-06-15', 2.2, 'Negative'),
(24, '2020-05-03', 1.7, 'Negative'),
(24, '2020-06-16', 5.3, 'Neutral'),
(24, '2020-07-05', 9.5, 'Positive'),
(24, '2020-07-14', 2.4, 'Negative'),
(25, '2019-10-02', 3.3, 'Negative'),
(25, '2019-10-06', 7.3, 'Positive'),
(25, '2019-11-03', 8.3, 'Positive'),
(25, '2020-02-21', 1.0, 'Negative'),
(25, '2019-11-13', 8.9, 'Positive'),
(25, '2019-11-14', 8.9, 'Positive'),
(25, '2019-09-22', 2.7, 'Negative'),
(25, '2019-11-29', 7.2, 'Positive'),
(26, '2019-11-24', 3.9, 'Negative'),
(26, '2019-10-27', 7.9, 'Positive'),
(26, '2019-12-17', 6.8, 'Neutral'),
(26, '2020-02-11', 7.0, 'Positive'),
(26, '2020-03-01', 5.4, 'Neutral'),
(27, '2019-10-18', 2.3, 'Negative'),
(27, '2019-09-24', 9.8, 'Positive'),
(27, '2019-07-24', 7.7, 'Positive'),
(27, '2019-11-07', 9.7, 'Positive'),
(27, '2019-11-28', 7.4, 'Positive'),
(27, '2019-11-06', 3.9, 'Negative'),
(28, '2019-03-22', 2.6, 'Negative'),
(28, '2019-07-22', 7.9, 'Positive'),
(28, '2019-07-25', 1.4, 'Negative'),
(29, '2019-03-02', 8.5, 'Positive'),
(29, '2019-06-10', 8.9, 'Positive'),
(29, '2019-05-01', 9.9, 'Positive'),
(29, '2019-06-18', 1.9, 'Negative'),
(29, '2019-05-29', 2.5, 'Negative'),
(29, '2019-05-01', 3.6, 'Negative'),
(29, '2019-05-24', 1.5, 'Negative'),
(29, '2019-04-12', 6.7, 'Neutral'),
(30, '2019-07-02', 5.8, 'Neutral'),
(30, '2019-08-12', 9.8, 'Positive'),
(30, '2019-06-16', 7.4, 'Positive'),
(30, '2019-02-18', 4.6, 'Negative'),
(30, '2019-05-26', 5.6, 'Neutral'),
(30, '2019-07-13', 2.1, 'Negative'),
(30, '2019-07-27', 4.3, 'Negative'),
(30, '2019-03-06', 7.6, 'Positive'),
(31, '2019-09-24', 2.5, 'Negative'),
(31, '2019-08-17', 2.7, 'Negative'),
(31, '2020-01-31', 5.8, 'Neutral'),
(31, '2019-10-30', 4.7, 'Negative'),
(31, '2019-11-28', 2.5, 'Negative'),
(31, '2019-09-30', 6.3, 'Neutral'),
(31, '2019-09-27', 1.1, 'Negative'),
(32, '2020-01-06', 9.3, 'Positive'),
(32, '2020-03-25', 6.2, 'Neutral'),
(32, '2020-02-02', 8.1, 'Positive'),
(32, '2019-11-04', 8.5, 'Positive'),
(33, '2019-03-05', 4.6, 'Negative'),
(33, '2019-01-10', 8.5, 'Positive'),
(33, '2019-02-15', 4.3, 'Negative'),
(33, '2019-06-11', 1.6, 'Negative'),
(34, '2018-02-06', 7.5, 'Positive'),
(34, '2018-06-21', 7.8, 'Positive'),
(34, '2018-06-11', 3.2, 'Negative'),
(35, '2018-09-06', 2.2, 'Negative'),
(35, '2018-08-16', 1.8, 'Negative'),
(35, '2018-05-16', 7.3, 'Positive'),
(35, '2018-09-12', 2.3, 'Negative'),
(35, '2018-08-21', 1.3, 'Negative'),
(35, '2018-11-02', 4.6, 'Negative'),
(35, '2018-05-25', 4.8, 'Negative'),
(36, '2019-01-13', 8.8, 'Positive'),
(36, '2019-02-16', 3.0, 'Negative'),
(36, '2018-10-07', 9.5, 'Positive'),
(36, '2019-01-31', 6.2, 'Neutral'),
(36, '2018-10-28', 2.8, 'Negative'),
(36, '2019-03-22', 8.4, 'Positive'),
(37, '2018-12-08', 7.1, 'Positive'),
(37, '2019-04-01', 2.0, 'Negative'),
(37, '2018-11-11', 3.3, 'Negative'),
(37, '2018-12-09', 3.7, 'Negative'),
(38, '2015-09-28', 4.5, 'Negative'),
(38, '2015-11-11', 9.2, 'Positive'),
(38, '2015-11-27', 5.2, 'Neutral'),
(38, '2015-11-01', 5.3, 'Neutral'),
(38, '2015-09-19', 4.8, 'Negative'),
(38, '2015-12-23', 3.6, 'Negative'),
(38, '2015-08-03', 8.4, 'Positive'),
(38, '2015-10-12', 4.0, 'Negative'),
(39, '2014-12-24', 6.0, 'Neutral'),
(39, '2015-05-26', 8.5, 'Positive'),
(39, '2015-02-01', 6.1, 'Neutral'),
(40, '2017-02-04', 2.6, 'Negative'),
(40, '2017-04-15', 6.0, 'Neutral'),
(40, '2017-03-01', 3.4, 'Negative'),
(40, '2017-02-17', 7.9, 'Positive'),
(40, '2017-03-18', 4.1, 'Negative'),
(41, '2016-11-29', 8.4, 'Positive'),
(41, '2016-07-08', 5.0, 'Neutral'),
(41, '2016-11-20', 4.2, 'Negative'),
(41, '2016-10-10', 7.7, 'Positive'),
(42, '2018-01-01', 6.0, 'Neutral'),
(42, '2018-02-04', 7.2, 'Positive'),
(42, '2018-01-07', 5.6, 'Neutral'),
(42, '2017-12-22', 1.1, 'Negative'),
(43, '2017-01-22', 3.0, 'Negative'),
(43, '2017-02-28', 9.0, 'Positive'),
(43, '2016-12-11', 9.5, 'Positive'),
(43, '2016-12-27', 4.5, 'Negative'),
(43, '2017-03-31', 8.0, 'Positive'),
(43, '2017-03-25', 8.5, 'Positive'),
(43, '2017-01-03', 5.3, 'Neutral'),
(44, '2017-05-30', 1.4, 'Negative'),
(44, '2017-02-18', 6.7, 'Neutral'),
(44, '2017-06-03', 3.0, 'Negative'),
(44, '2017-03-20', 3.4, 'Negative'),
(44, '2017-05-01', 1.5, 'Negative'),
(44, '2017-07-10', 5.9, 'Neutral'),
(44, '2017-03-31', 8.9, 'Positive'),
(44, '2017-02-27', 8.6, 'Positive'),
(45, '2017-10-04', 7.8, 'Positive'),
(45, '2017-07-10', 9.3, 'Positive'),
(45, '2017-12-17', 6.9, 'Neutral'),
(45, '2017-11-25', 5.7, 'Neutral'),
(45, '2017-07-08', 1.3, 'Negative'),
(45, '2017-11-17', 5.1, 'Neutral'),
(45, '2017-09-09', 1.1, 'Negative'),
(45, '2017-10-17', 1.4, 'Negative'),
(46, '2018-01-01', 4.5, 'Negative'),
(46, '2017-10-27', 4.3, 'Negative'),
(46, '2017-12-16', 9.1, 'Positive'),
(46, '2017-12-26', 3.2, 'Negative'),
(46, '2017-12-20', 6.3, 'Neutral'),
(46, '2018-04-02', 1.2, 'Negative'),
(46, '2017-10-24', 7.0, 'Positive'),
(46, '2017-11-18', 5.2, 'Neutral'),
(47, '2018-02-04', 2.6, 'Negative'),
(47, '2018-02-18', 9.0, 'Positive'),
(47, '2017-11-09', 6.8, 'Neutral'),
(47, '2018-02-28', 1.1, 'Negative'),
(47, '2018-02-26', 5.6, 'Neutral'),
(47, '2018-02-25', 4.0, 'Negative'),
(47, '2017-10-31', 7.1, 'Positive'),
(48, '2016-05-12', 7.8, 'Positive'),
(48, '2016-06-09', 2.8, 'Negative'),
(48, '2016-04-19', 7.3, 'Positive'),
(48, '2016-03-07', 1.2, 'Negative'),
(48, '2015-12-23', 3.9, 'Negative'),
(48, '2016-05-12', 6.7, 'Neutral'),
(49, '2016-01-02', 8.5, 'Positive'),
(49, '2016-05-09', 6.8, 'Neutral'),
(49, '2016-01-06', 7.9, 'Positive'),
(49, '2016-06-09', 8.8, 'Positive'),
(50, '2015-09-13', 1.3, 'Negative'),
(50, '2015-06-22', 2.7, 'Negative'),
(50, '2015-10-30', 7.9, 'Positive'),
(50, '2015-06-08', 9.1, 'Positive'),
(50, '2015-10-31', 2.7, 'Negative'),
(50, '2015-10-13', 2.6, 'Negative'),
(50, '2015-10-28', 1.7, 'Negative'),
(50, '2015-10-08', 9.4, 'Positive'),
(51, '2015-11-17', 2.4, 'Negative'),
(51, '2015-07-13', 9.7, 'Positive'),
(51, '2015-05-23', 5.2, 'Neutral'),
(52, '2015-09-05', 8.4, 'Positive'),
(52, '2015-09-30', 3.4, 'Negative'),
(52, '2015-06-26', 3.6, 'Negative'),
(52, '2015-12-11', 7.5, 'Positive'),
(52, '2015-07-11', 3.1, 'Negative'),
(52, '2015-09-10', 7.9, 'Positive'),
(52, '2015-11-29', 7.2, 'Positive'),
(53, '2015-09-20', 1.2, 'Negative'),
(53, '2015-12-13', 8.0, 'Positive'),
(53, '2015-10-15', 5.0, 'Neutral'),
(53, '2015-12-14', 2.6, 'Negative'),
(53, '2015-10-30', 8.4, 'Positive'),
(53, '2015-12-12', 1.0, 'Negative'),
(53, '2015-09-17', 2.5, 'Negative'),
(54, '2012-12-29', 9.2, 'Positive'),
(54, '2012-11-01', 8.1, 'Positive'),
(54, '2013-04-14', 2.3, 'Negative'),
(54, '2012-11-07', 8.4, 'Positive'),
(55, '2012-11-29', 5.8, 'Neutral'),
(55, '2012-08-16', 5.5, 'Neutral'),
(55, '2013-01-26', 6.7, 'Neutral'),
(55, '2013-02-04', 7.0, 'Positive'),
(55, '2013-01-10', 4.1, 'Negative'),
(55, '2013-01-10', 1.9, 'Negative'),
(56, '2010-06-10', 2.3, 'Negative'),
(56, '2009-12-25', 1.8, 'Negative'),
(56, '2010-01-23', 9.5, 'Positive'),
(56, '2010-05-27', 1.5, 'Negative'),
(56, '2010-01-04', 4.7, 'Negative'),
(56, '2010-02-15', 8.9, 'Positive'),
(56, '2010-01-02', 5.6, 'Neutral'),
(56, '2010-01-10', 6.8, 'Neutral'),
(57, '2009-02-05', 4.6, 'Negative'),
(57, '2009-05-14', 9.5, 'Positive'),
(57, '2009-03-11', 6.9, 'Neutral'),
(57, '2009-01-01', 3.9, 'Negative'),
(57, '2009-04-21', 8.7, 'Positive'),
(57, '2009-05-18', 5.6, 'Neutral'),
(58, '2009-05-22', 6.8, 'Neutral'),
(58, '2009-03-29', 1.8, 'Negative'),
(58, '2009-05-12', 1.0, 'Negative'),
(58, '2009-05-14', 2.0, 'Negative'),
(59, '2008-04-02', 2.5, 'Negative'),
(59, '2008-05-11', 2.2, 'Negative'),
(59, '2008-02-20', 5.8, 'Neutral'),
(59, '2008-01-04', 2.1, 'Negative'),
(59, '2008-02-03', 7.8, 'Positive'),
(59, '2008-02-26', 2.8, 'Negative'),
(60, '2008-04-09', 3.0, 'Negative'),
(60, '2007-12-26', 6.7, 'Neutral'),
(60, '2008-03-21', 3.3, 'Negative'),
(60, '2008-03-12', 8.4, 'Positive'),
(60, '2008-01-23', 1.7, 'Negative'),
(61, '2007-09-20', 2.3, 'Negative'),
(61, '2007-10-04', 8.9, 'Positive'),
(61, '2008-01-06', 6.4, 'Neutral'),
(61, '2007-10-06', 9.4, 'Positive'),
(61, '2007-08-12', 4.3, 'Negative'),
(61, '2008-01-02', 6.0, 'Neutral'),
(61, '2008-02-06', 4.6, 'Negative'),
(61, '2008-01-23', 3.2, 'Negative'),
(62, '2006-12-21', 2.2, 'Negative'),
(62, '2007-04-14', 3.9, 'Negative'),
(62, '2007-01-18', 1.4, 'Negative'),
(62, '2006-12-24', 7.3, 'Positive'),
(62, '2007-04-17', 7.8, 'Positive'),
(62, '2007-01-22', 8.3, 'Positive'),
(63, '2006-03-29', 1.1, 'Negative'),
(63, '2006-04-05', 8.4, 'Positive'),
(63, '2006-02-25', 5.9, 'Neutral'),
(63, '2006-06-20', 8.9, 'Positive'),
(63, '2006-03-30', 10.0, 'Positive'),
(64, '2005-05-17', 3.5, 'Negative'),
(64, '2005-03-26', 2.4, 'Negative'),
(64, '2005-05-12', 3.1, 'Negative'),
(64, '2005-07-08', 8.3, 'Positive'),
(64, '2005-05-19', 9.7, 'Positive'),
(64, '2005-03-09', 6.3, 'Neutral'),
(64, '2005-06-29', 6.2, 'Neutral'),
(65, '2004-12-16', 9.1, 'Positive'),
(65, '2005-01-16', 1.5, 'Negative'),
(65, '2004-12-29', 6.4, 'Neutral'),
(65, '2004-11-14', 9.7, 'Positive'),
(65, '2004-11-30', 4.8, 'Negative'),
(65, '2005-04-06', 9.5, 'Positive'),
(66, '2004-02-24', 2.6, 'Negative'),
(66, '2004-04-27', 6.5, 'Neutral'),
(66, '2004-01-06', 6.9, 'Neutral'),
(66, '2004-04-30', 9.2, 'Positive'),
(66, '2004-01-22', 5.9, 'Neutral'),
(66, '2004-03-29', 7.8, 'Positive'),
(66, '2004-03-25', 6.0, 'Neutral'),
(67, '2002-08-28', 5.1, 'Neutral'),
(67, '2002-10-31', 9.2, 'Positive'),
(67, '2002-09-15', 3.7, 'Negative'),
(67, '2002-11-22', 2.6, 'Negative'),
(67, '2002-09-13', 9.1, 'Positive'),
(67, '2002-08-29', 3.9, 'Negative'),
(67, '2002-08-13', 1.8, 'Negative'),
(67, '2002-07-13', 1.1, 'Negative'),
(68, '2001-11-29', 3.7, 'Negative'),
(68, '2001-09-25', 7.3, 'Positive'),
(68, '2001-09-01', 8.6, 'Positive'),
(69, '2001-12-22', 7.0, 'Positive'),
(69, '2002-05-07', 7.6, 'Positive'),
(69, '2001-12-18', 3.0, 'Negative'),
(69, '2002-03-06', 5.6, 'Neutral'),
(69, '2002-04-13', 9.1, 'Positive'),
(69, '2002-04-04', 1.3, 'Negative'),
(69, '2002-06-03', 3.9, 'Negative'),
(69, '2002-06-02', 3.7, 'Negative'),
(70, '2004-09-24', 3.7, 'Negative'),
(70, '2004-12-15', 9.7, 'Positive'),
(70, '2004-08-30', 1.5, 'Negative'),
(70, '2004-07-09', 8.5, 'Positive'),
(70, '2004-10-19', 9.4, 'Positive'),
(70, '2004-07-28', 6.5, 'Neutral'),
(70, '2004-11-22', 9.5, 'Positive'),
(70, '2004-11-24', 4.6, 'Negative'),
(71, '2007-03-06', 6.8, 'Neutral'),
(71, '2006-11-25', 2.2, 'Negative'),
(71, '2007-01-25', 5.3, 'Neutral'),
(71, '2007-03-18', 9.4, 'Positive'),
(71, '2006-12-19', 4.7, 'Negative'),
(71, '2007-02-17', 4.9, 'Negative'),
(71, '2007-05-09', 2.4, 'Negative'),
(72, '2014-03-04', 9.7, 'Positive'),
(72, '2014-04-24', 3.8, 'Negative'),
(72, '2014-01-30', 2.1, 'Negative'),
(72, '2014-01-07', 3.0, 'Negative'),
(72, '2014-06-07', 2.7, 'Negative'),
(72, '2014-04-02', 3.8, 'Negative'),
(72, '2014-04-24', 1.1, 'Negative'),
(72, '2014-02-01', 2.8, 'Negative'),
(73, '2006-09-20', 9.9, 'Positive'),
(73, '2006-11-17', 3.0, 'Negative'),
(73, '2006-07-04', 2.6, 'Negative'),
(74, '2014-04-09', 4.0, 'Negative'),
(74, '2014-04-02', 8.5, 'Positive'),
(74, '2013-12-21', 1.6, 'Negative'),
(74, '2013-12-24', 5.4, 'Neutral'),
(75, '2017-07-12', 2.7, 'Negative'),
(75, '2017-08-20', 3.5, 'Negative'),
(75, '2017-04-28', 5.9, 'Neutral'),
(75, '2017-05-04', 5.4, 'Neutral'),
(75, '2017-09-11', 7.7, 'Positive'),
(75, '2017-06-24', 8.8, 'Positive'),
(76, '2017-03-26', 9.3, 'Positive'),
(76, '2016-10-19', 4.7, 'Negative'),
(76, '2017-01-28', 1.6, 'Negative'),
(76, '2017-03-25', 1.3, 'Negative'),
(76, '2016-12-30', 8.7, 'Positive'),
(77, '2016-07-08', 7.3, 'Positive'),
(77, '2016-02-11', 8.8, 'Positive'),
(77, '2016-03-11', 4.2, 'Negative'),
(78, '2017-02-05', 6.4, 'Neutral'),
(78, '2016-12-13', 5.6, 'Neutral'),
(78, '2016-10-06', 5.9, 'Neutral'),
(78, '2016-10-10', 7.6, 'Positive'),
(78, '2017-01-09', 9.1, 'Positive'),
(79, '2016-08-23', 7.5, 'Positive'),
(79, '2016-05-20', 7.0, 'Positive'),
(79, '2016-06-27', 7.0, 'Positive'),
(79, '2016-03-18', 6.8, 'Neutral'),
(79, '2016-03-21', 3.6, 'Negative'),
(80, '2015-12-06', 3.9, 'Negative'),
(80, '2015-11-20', 5.9, 'Neutral'),
(80, '2016-02-04', 9.3, 'Positive'),
(80, '2015-09-24', 2.6, 'Negative'),
(80, '2015-12-24', 2.9, 'Negative'),
(80, '2015-09-28', 7.9, 'Positive'),
(80, '2016-02-06', 5.6, 'Neutral'),
(80, '2015-11-28', 7.2, 'Positive'),
(81, '2013-05-17', 7.7, 'Positive'),
(81, '2012-12-03', 5.8, 'Neutral'),
(81, '2013-05-04', 4.5, 'Negative'),
(81, '2013-03-07', 4.0, 'Negative'),
(81, '2013-05-02', 7.2, 'Positive'),
(81, '2013-02-25', 8.8, 'Positive'),
(81, '2013-01-20', 4.8, 'Negative'),
(81, '2013-02-14', 9.4, 'Positive'),
(82, '2012-03-22', 5.5, 'Neutral'),
(82, '2012-07-16', 5.4, 'Neutral'),
(82, '2012-07-29', 9.7, 'Positive'),
(82, '2012-03-19', 9.9, 'Positive'),
(82, '2012-08-29', 2.5, 'Negative'),
(83, '2013-01-30', 6.4, 'Neutral'),
(83, '2013-02-22', 8.4, 'Positive'),
(83, '2012-10-04', 8.8, 'Positive'),
(83, '2012-12-22', 2.8, 'Negative'),
(83, '2012-12-08', 1.9, 'Negative'),
(83, '2012-12-09', 3.5, 'Negative'),
(83, '2012-10-25', 1.4, 'Negative'),
(83, '2013-03-01', 3.2, 'Negative'),
(84, '2012-06-30', 6.3, 'Neutral'),
(84, '2012-12-14', 9.9, 'Positive'),
(84, '2012-07-29', 9.9, 'Positive'),
(85, '2012-05-25', 3.0, 'Negative'),
(85, '2012-05-27', 1.1, 'Negative'),
(85, '2012-04-06', 4.3, 'Negative'),
(86, '2012-11-27', 7.5, 'Positive'),
(86, '2013-05-05', 7.1, 'Positive'),
(86, '2012-12-03', 9.3, 'Positive'),
(86, '2013-01-26', 7.8, 'Positive'),
(86, '2013-04-20', 7.7, 'Positive'),
(87, '2010-01-08', 7.6, 'Positive'),
(87, '2009-12-16', 4.8, 'Negative'),
(87, '2009-09-16', 10.0, 'Positive'),
(87, '2009-11-05', 2.6, 'Negative'),
(87, '2009-11-18', 7.8, 'Positive'),
(87, '2009-09-18', 4.3, 'Negative'),
(87, '2009-12-28', 4.5, 'Negative'),
(88, '2009-06-28', 2.2, 'Negative'),
(88, '2009-05-16', 1.1, 'Negative'),
(88, '2009-05-01', 4.6, 'Negative'),
(88, '2009-05-18', 4.5, 'Negative'),
(88, '2009-02-08', 3.1, 'Negative'),
(89, '2009-08-03', 2.2, 'Negative'),
(89, '2009-04-29', 6.8, 'Neutral'),
(89, '2009-02-22', 6.6, 'Neutral'),
(89, '2009-04-03', 6.3, 'Neutral'),
(89, '2009-08-02', 8.2, 'Positive'),
(90, '2009-04-18', 4.3, 'Negative'),
(90, '2009-05-09', 4.1, 'Negative'),
(90, '2009-02-16', 7.9, 'Positive'),
(91, '2008-05-18', 7.3, 'Positive'),
(91, '2008-05-25', 8.7, 'Positive'),
(91, '2008-06-04', 1.4, 'Negative'),
(91, '2008-05-14', 2.2, 'Negative'),
(91, '2008-08-02', 9.4, 'Positive'),
(91, '2008-04-24', 3.3, 'Negative'),
(91, '2008-03-21', 6.3, 'Neutral'),
(92, '2008-07-13', 3.6, 'Negative'),
(92, '2008-05-05', 3.5, 'Negative'),
(92, '2008-03-16', 3.0, 'Negative'),
(93, '2007-06-04', 1.1, 'Negative'),
(93, '2007-04-11', 7.5, 'Positive'),
(93, '2007-03-07', 4.2, 'Negative'),
(94, '2016-09-12', 7.9, 'Positive'),
(94, '2016-07-15', 2.4, 'Negative'),
(94, '2016-09-05', 8.1, 'Positive'),
(94, '2016-06-16', 2.1, 'Negative'),
(94, '2016-09-08', 7.3, 'Positive'),
(95, '2015-08-26', 9.7, 'Positive'),
(95, '2015-10-18', 8.6, 'Positive'),
(95, '2015-11-22', 4.8, 'Negative'),
(96, '2004-02-29', 5.0, 'Neutral'),
(96, '2003-09-23', 7.8, 'Positive'),
(96, '2003-12-21', 2.8, 'Negative'),
(97, '2017-05-16', 1.2, 'Negative'),
(97, '2017-06-02', 7.1, 'Positive'),
(97, '2017-05-29', 7.1, 'Positive'),
(97, '2017-05-01', 8.3, 'Positive'),
(97, '2017-06-24', 1.5, 'Negative'),
(97, '2017-05-16', 6.1, 'Neutral'),
(97, '2017-03-01', 2.6, 'Negative'),
(98, '2016-12-03', 6.3, 'Neutral'),
(98, '2016-11-16', 3.4, 'Negative'),
(98, '2016-11-13', 7.6, 'Positive'),
(98, '2017-02-05', 1.9, 'Negative'),
(99, '2019-11-06', 1.5, 'Negative'),
(99, '2019-12-23', 6.2, 'Neutral'),
(99, '2019-11-25', 6.7, 'Neutral'),
(99, '2019-09-26', 4.9, 'Negative'),
(99, '2019-09-04', 4.6, 'Negative'),
(99, '2019-08-12', 4.0, 'Negative'),
(100, '2018-01-13', 2.8, 'Negative'),
(100, '2018-01-29', 3.4, 'Negative'),
(100, '2017-12-29', 5.1, 'Neutral'),
(100, '2017-08-23', 4.4, 'Negative'),
(100, '2017-12-10', 9.7, 'Positive'),
(100, '2017-10-17', 1.8, 'Negative'),
(100, '2018-01-02', 8.7, 'Positive'),
(101, '2017-06-28', 1.2, 'Negative'),
(101, '2017-04-27', 3.2, 'Negative'),
(101, '2017-05-03', 7.2, 'Positive'),
(101, '2017-08-01', 2.2, 'Negative'),
(102, '2017-11-15', 3.3, 'Negative'),
(102, '2017-12-20', 9.3, 'Positive'),
(102, '2018-01-24', 7.9, 'Positive'),
(102, '2018-02-27', 6.6, 'Neutral'),
(102, '2017-11-10', 2.7, 'Negative'),
(102, '2017-11-28', 5.3, 'Neutral'),
(103, '2017-10-02', 2.4, 'Negative'),
(103, '2017-05-30', 6.9, 'Neutral'),
(103, '2017-05-24', 3.1, 'Negative'),
(103, '2017-11-11', 1.8, 'Negative'),
(103, '2017-07-16', 1.6, 'Negative'),
(103, '2017-06-23', 5.6, 'Neutral'),
(103, '2017-11-03', 9.7, 'Positive'),
(104, '2017-09-04', 6.3, 'Neutral'),
(104, '2018-01-16', 1.1, 'Negative'),
(104, '2017-10-18', 4.0, 'Negative'),
(105, '2018-03-17', 8.6, 'Positive'),
(105, '2017-12-30', 2.1, 'Negative'),
(105, '2017-12-13', 9.2, 'Positive'),
(106, '2018-02-07', 7.2, 'Positive'),
(106, '2017-10-02', 2.8, 'Negative'),
(106, '2017-11-12', 1.0, 'Negative'),
(106, '2017-10-18', 2.9, 'Negative'),
(106, '2017-10-09', 9.9, 'Positive'),
(106, '2017-12-29', 5.4, 'Neutral'),
(109, '2025-04-13', 9.5, 'Positive'),
(109, '2025-03-16', 9.6, 'Positive'),
(109, '2025-04-06', 9.4, 'Positive'),
(109, '2024-12-05', 9.3, 'Positive'),
(110, '2025-02-18', 4.3, 'Negative'),
(110, '2025-03-15', 8.2, 'Positive'),
(110, '2025-05-28', 3.8, 'Negative'),
(110, '2025-01-23', 8.2, 'Positive');
